2026/03/21 09:04:41 Loaded genesis with 1 alloc accounts (chainId=1337)
2026/03/21 09:04:41 Configuration:
2026/03/21 09:04:41   Database:     /home/CPerezz/bintrie-benchmarks/mpt-vs-bintrie/dbs/bt-gd5/geth/chaindata
2026/03/21 09:04:41   Output Format: geth
2026/03/21 09:04:41   Accounts:     1000
2026/03/21 09:04:41   Contracts:    unlimited (governed by --target-size)
2026/03/21 09:04:41   Max Slots:    536740 (auto-scaled for target size)
2026/03/21 09:04:41   Min Slots:    53674 (auto-scaled for target size)
2026/03/21 09:04:41   Distribution: power-law
2026/03/21 09:04:41   Seed:         25519
2026/03/21 09:04:41   Batch Size:   10000
2026/03/21 09:04:41   Workers:      96
2026/03/21 09:04:41   Code Size:    1024 bytes
2026/03/21 09:04:41   Trie Mode:    binary
2026/03/21 09:04:41   Commit Interval: 500000 trie insertions
2026/03/21 09:04:41   Group Depth:     5
2026/03/21 09:04:41   Pebble Block:    4096 bytes
2026/03/21 09:04:41   Target Size:  1.17 TB
2026/03/21 09:04:41   Genesis:      /home/CPerezz/state-actor/genesis.json
2026/03/21 09:04:41 NOTE: --commit-interval is ignored (binary stack trie computes root from sorted entries)
2026/03/21 09:04:41 Included 1 genesis alloc accounts (1 EOAs, 0 contracts)
2026/03/21 09:05:01 [Contract] 0.0% of target (0 B / 1.17 TB), 99 contracts, 14959208 storage slots, 14966405 trie entries
2026/03/21 09:05:22 [Contract] 0.0% of target (0 B / 1.17 TB), 214 contracts, 30440364 storage slots, 30453482 trie entries
2026/03/21 09:05:42 [Contract] 0.0% of target (0 B / 1.17 TB), 331 contracts, 45948498 storage slots, 45967713 trie entries
2026/03/21 09:06:02 [Contract] 0.0% of target (0 B / 1.17 TB), 430 contracts, 61046370 storage slots, 61070675 trie entries
2026/03/21 09:06:22 [Contract] 1.1% of target (13.68 GB / 1.17 TB), 542 contracts, 75226818 storage slots, 75256993 trie entries
2026/03/21 09:06:43 [Contract] 1.1% of target (13.68 GB / 1.17 TB), 654 contracts, 90271352 storage slots, 90307373 trie entries
2026/03/21 09:07:03 [Contract] 1.1% of target (13.68 GB / 1.17 TB), 789 contracts, 104981309 storage slots, 105024309 trie entries
2026/03/21 09:07:24 [Contract] 1.1% of target (13.68 GB / 1.17 TB), 907 contracts, 120540181 storage slots, 120589419 trie entries
2026/03/21 09:07:44 [Contract] 2.1% of target (24.94 GB / 1.17 TB), 1025 contracts, 135212945 storage slots, 135268180 trie entries
2026/03/21 09:08:04 [Contract] 2.1% of target (24.94 GB / 1.17 TB), 1130 contracts, 148910844 storage slots, 148971567 trie entries
2026/03/21 09:08:25 [Contract] 2.1% of target (24.94 GB / 1.17 TB), 1252 contracts, 163683292 storage slots, 163750412 trie entries
2026/03/21 09:08:45 [Contract] 2.1% of target (24.94 GB / 1.17 TB), 1361 contracts, 177904930 storage slots, 177977623 trie entries
2026/03/21 09:09:05 [Contract] 2.1% of target (24.94 GB / 1.17 TB), 1468 contracts, 191468374 storage slots, 191546765 trie entries
2026/03/21 09:09:25 [Contract] 3.1% of target (36.80 GB / 1.17 TB), 1573 contracts, 204834479 storage slots, 204918150 trie entries
2026/03/21 09:09:46 [Contract] 3.1% of target (36.80 GB / 1.17 TB), 1702 contracts, 218031470 storage slots, 218122068 trie entries
2026/03/21 09:10:06 [Contract] 3.1% of target (36.80 GB / 1.17 TB), 1797 contracts, 232008967 storage slots, 232104510 trie entries
2026/03/21 09:10:26 [Contract] 3.1% of target (36.80 GB / 1.17 TB), 1903 contracts, 245007109 storage slots, 245108216 trie entries
2026/03/21 09:10:47 [Contract] 4.0% of target (48.06 GB / 1.17 TB), 2008 contracts, 257933367 storage slots, 258040013 trie entries
2026/03/21 09:11:07 [Contract] 4.0% of target (48.06 GB / 1.17 TB), 2118 contracts, 270599702 storage slots, 270712106 trie entries
2026/03/21 09:11:27 [Contract] 4.0% of target (48.06 GB / 1.17 TB), 2219 contracts, 284026699 storage slots, 284144306 trie entries
2026/03/21 09:11:48 [Contract] 4.0% of target (48.06 GB / 1.17 TB), 2321 contracts, 296761977 storage slots, 296885033 trie entries
2026/03/21 09:12:08 [Contract] 4.0% of target (48.06 GB / 1.17 TB), 2408 contracts, 309266750 storage slots, 309394310 trie entries
2026/03/21 09:12:28 [Contract] 5.0% of target (60.24 GB / 1.17 TB), 2505 contracts, 322763931 storage slots, 322896604 trie entries
2026/03/21 09:12:49 [Contract] 5.0% of target (60.24 GB / 1.17 TB), 2597 contracts, 334505371 storage slots, 334642823 trie entries
2026/03/21 09:13:10 [Contract] 5.0% of target (60.24 GB / 1.17 TB), 2692 contracts, 347119923 storage slots, 347262536 trie entries
2026/03/21 09:13:30 [Contract] 5.0% of target (60.24 GB / 1.17 TB), 2792 contracts, 358817656 storage slots, 358965486 trie entries
2026/03/21 09:13:51 [Contract] 5.0% of target (60.24 GB / 1.17 TB), 2869 contracts, 371060963 storage slots, 371212716 trie entries
2026/03/21 09:14:12 [Contract] 5.0% of target (60.24 GB / 1.17 TB), 2946 contracts, 384043295 storage slots, 384199120 trie entries
2026/03/21 09:14:32 [Contract] 6.0% of target (72.45 GB / 1.17 TB), 3029 contracts, 395885896 storage slots, 396045949 trie entries
2026/03/21 09:14:52 [Contract] 6.0% of target (72.45 GB / 1.17 TB), 3123 contracts, 407743406 storage slots, 407908501 trie entries
2026/03/21 09:15:13 [Contract] 6.0% of target (72.45 GB / 1.17 TB), 3207 contracts, 419326660 storage slots, 419496214 trie entries
2026/03/21 09:15:33 [Contract] 6.0% of target (72.45 GB / 1.17 TB), 3294 contracts, 431062618 storage slots, 431236711 trie entries
2026/03/21 09:15:53 [Contract] 6.0% of target (72.45 GB / 1.17 TB), 3381 contracts, 442790727 storage slots, 442969451 trie entries
2026/03/21 09:16:13 [Contract] 6.0% of target (72.45 GB / 1.17 TB), 3469 contracts, 454080463 storage slots, 454263725 trie entries
2026/03/21 09:16:34 [Contract] 7.2% of target (85.95 GB / 1.17 TB), 3543 contracts, 465541693 storage slots, 465728720 trie entries
2026/03/21 09:16:54 [Contract] 7.2% of target (85.95 GB / 1.17 TB), 3638 contracts, 477043157 storage slots, 477235184 trie entries
2026/03/21 09:17:14 [Contract] 7.2% of target (85.95 GB / 1.17 TB), 3715 contracts, 488300792 storage slots, 488496737 trie entries
2026/03/21 09:17:35 [Contract] 7.2% of target (85.95 GB / 1.17 TB), 3781 contracts, 500156522 storage slots, 500355972 trie entries
2026/03/21 09:17:55 [Contract] 7.2% of target (85.95 GB / 1.17 TB), 3875 contracts, 511557398 storage slots, 511761624 trie entries
2026/03/21 09:18:16 [Contract] 7.2% of target (85.95 GB / 1.17 TB), 3962 contracts, 522647517 storage slots, 522856236 trie entries
2026/03/21 09:18:36 [Contract] 7.2% of target (85.95 GB / 1.17 TB), 4062 contracts, 533553343 storage slots, 533767284 trie entries
2026/03/21 09:18:56 [Contract] 7.2% of target (85.95 GB / 1.17 TB), 4166 contracts, 544281661 storage slots, 544501008 trie entries
2026/03/21 09:19:17 [Contract] 7.2% of target (85.95 GB / 1.17 TB), 4261 contracts, 555622476 storage slots, 555846727 trie entries
2026/03/21 09:19:38 [Contract] 7.2% of target (85.95 GB / 1.17 TB), 4375 contracts, 567394466 storage slots, 567624595 trie entries
2026/03/21 09:19:58 [Contract] 7.2% of target (85.95 GB / 1.17 TB), 4471 contracts, 578452958 storage slots, 578688009 trie entries
2026/03/21 09:20:18 [Contract] 8.9% of target (107.11 GB / 1.17 TB), 4559 contracts, 589325217 storage slots, 589564905 trie entries
2026/03/21 09:20:38 [Contract] 8.9% of target (107.11 GB / 1.17 TB), 4640 contracts, 600189790 storage slots, 600433751 trie entries
2026/03/21 09:20:58 [Contract] 8.9% of target (107.11 GB / 1.17 TB), 4726 contracts, 611192430 storage slots, 611440935 trie entries
2026/03/21 09:21:19 [Contract] 8.9% of target (107.11 GB / 1.17 TB), 4814 contracts, 622379526 storage slots, 622632703 trie entries
2026/03/21 09:21:39 [Contract] 8.9% of target (107.11 GB / 1.17 TB), 4910 contracts, 633136427 storage slots, 633394574 trie entries
2026/03/21 09:21:59 [Contract] 8.9% of target (107.11 GB / 1.17 TB), 4996 contracts, 645064971 storage slots, 645327555 trie entries
2026/03/21 09:22:20 [Contract] 9.8% of target (117.35 GB / 1.17 TB), 5080 contracts, 655106263 storage slots, 655373298 trie entries
2026/03/21 09:22:40 [Contract] 9.8% of target (117.35 GB / 1.17 TB), 5156 contracts, 665631470 storage slots, 665902472 trie entries
2026/03/21 09:23:00 [Contract] 9.8% of target (117.35 GB / 1.17 TB), 5238 contracts, 674442336 storage slots, 674717435 trie entries
2026/03/21 09:23:20 [Contract] 9.8% of target (117.35 GB / 1.17 TB), 5326 contracts, 685221231 storage slots, 685500800 trie entries
2026/03/21 09:23:40 [Contract] 9.8% of target (117.35 GB / 1.17 TB), 5404 contracts, 694660319 storage slots, 694943870 trie entries
2026/03/21 09:24:01 [Contract] 9.8% of target (117.35 GB / 1.17 TB), 5481 contracts, 704397848 storage slots, 704685343 trie entries
2026/03/21 09:24:21 [Contract] 10.6% of target (127.63 GB / 1.17 TB), 5554 contracts, 714478427 storage slots, 714769646 trie entries
2026/03/21 09:24:41 [Contract] 10.6% of target (127.63 GB / 1.17 TB), 5626 contracts, 722996649 storage slots, 723291597 trie entries
2026/03/21 09:25:02 [Contract] 10.6% of target (127.63 GB / 1.17 TB), 5712 contracts, 733793423 storage slots, 734092834 trie entries
2026/03/21 09:25:23 [Contract] 10.6% of target (127.63 GB / 1.17 TB), 5784 contracts, 744481932 storage slots, 744784967 trie entries
2026/03/21 09:25:44 [Contract] 10.6% of target (127.63 GB / 1.17 TB), 5864 contracts, 753454665 storage slots, 753761877 trie entries
2026/03/21 09:26:04 [Contract] 10.6% of target (127.63 GB / 1.17 TB), 5944 contracts, 764436503 storage slots, 764747754 trie entries
2026/03/21 09:26:24 [Contract] 10.6% of target (127.63 GB / 1.17 TB), 6021 contracts, 773694684 storage slots, 774010034 trie entries
2026/03/21 09:26:44 [Contract] 10.6% of target (127.63 GB / 1.17 TB), 6107 contracts, 783639297 storage slots, 783959231 trie entries
2026/03/21 09:27:04 [Contract] 10.6% of target (127.63 GB / 1.17 TB), 6178 contracts, 791445656 storage slots, 791769404 trie entries
2026/03/21 09:27:25 [Contract] 10.6% of target (127.63 GB / 1.17 TB), 6272 contracts, 802284677 storage slots, 802613305 trie entries
2026/03/21 09:27:45 [Contract] 10.6% of target (127.63 GB / 1.17 TB), 6339 contracts, 811526690 storage slots, 811858871 trie entries
2026/03/21 09:28:05 [Contract] 10.6% of target (127.63 GB / 1.17 TB), 6410 contracts, 819885879 storage slots, 820221825 trie entries
2026/03/21 09:28:26 [Contract] 10.6% of target (127.63 GB / 1.17 TB), 6492 contracts, 829098339 storage slots, 829438560 trie entries
2026/03/21 09:28:46 [Contract] 12.5% of target (150.33 GB / 1.17 TB), 6568 contracts, 838828292 storage slots, 839172478 trie entries
2026/03/21 09:29:06 [Contract] 12.5% of target (150.33 GB / 1.17 TB), 6644 contracts, 848223388 storage slots, 848571629 trie entries
2026/03/21 09:29:28 [Contract] 12.5% of target (150.33 GB / 1.17 TB), 6717 contracts, 856818041 storage slots, 857170258 trie entries
2026/03/21 09:29:48 [Contract] 12.5% of target (150.33 GB / 1.17 TB), 6800 contracts, 866980455 storage slots, 867337114 trie entries
2026/03/21 09:30:09 [Contract] 12.5% of target (150.33 GB / 1.17 TB), 6873 contracts, 875441201 storage slots, 875801603 trie entries
2026/03/21 09:30:29 [Contract] 12.5% of target (150.33 GB / 1.17 TB), 6954 contracts, 884173935 storage slots, 884538560 trie entries
2026/03/21 09:30:49 [Contract] 13.4% of target (161.21 GB / 1.17 TB), 7020 contracts, 893855006 storage slots, 894223175 trie entries
2026/03/21 09:31:09 [Contract] 13.4% of target (161.21 GB / 1.17 TB), 7084 contracts, 902322749 storage slots, 902694258 trie entries
2026/03/21 09:31:29 [Contract] 13.4% of target (161.21 GB / 1.17 TB), 7150 contracts, 911102714 storage slots, 911477656 trie entries
2026/03/21 09:31:50 [Contract] 13.4% of target (161.21 GB / 1.17 TB), 7224 contracts, 919236090 storage slots, 919614952 trie entries
2026/03/21 09:32:10 [Contract] 13.4% of target (161.21 GB / 1.17 TB), 7305 contracts, 928122624 storage slots, 928505778 trie entries
2026/03/21 09:32:30 [Contract] 13.4% of target (161.21 GB / 1.17 TB), 7389 contracts, 938169871 storage slots, 938557451 trie entries
2026/03/21 09:32:50 [Contract] 13.4% of target (161.21 GB / 1.17 TB), 7469 contracts, 947508282 storage slots, 947899729 trie entries
2026/03/21 09:33:11 [Contract] 14.4% of target (172.22 GB / 1.17 TB), 7534 contracts, 955979772 storage slots, 956374732 trie entries
2026/03/21 09:33:31 [Contract] 14.4% of target (172.22 GB / 1.17 TB), 7603 contracts, 964585413 storage slots, 964983821 trie entries
2026/03/21 09:33:52 [Contract] 14.4% of target (172.22 GB / 1.17 TB), 7677 contracts, 974781747 storage slots, 975184138 trie entries
2026/03/21 09:34:12 [Contract] 14.4% of target (172.22 GB / 1.17 TB), 7755 contracts, 984951367 storage slots, 985357803 trie entries
2026/03/21 09:34:32 [Contract] 14.4% of target (172.22 GB / 1.17 TB), 7823 contracts, 994695712 storage slots, 995105660 trie entries
2026/03/21 09:34:52 [Contract] 14.4% of target (172.22 GB / 1.17 TB), 7884 contracts, 1004074756 storage slots, 1004487953 trie entries
2026/03/21 09:35:13 [Contract] 14.4% of target (172.22 GB / 1.17 TB), 7949 contracts, 1012525785 storage slots, 1012942259 trie entries
2026/03/21 09:35:33 [Contract] 15.4% of target (184.52 GB / 1.17 TB), 8033 contracts, 1023031704 storage slots, 1023452583 trie entries
2026/03/21 09:35:54 [Contract] 15.4% of target (184.52 GB / 1.17 TB), 8150 contracts, 1036606476 storage slots, 1037033551 trie entries
2026/03/21 09:36:14 [Contract] 15.4% of target (184.52 GB / 1.17 TB), 8239 contracts, 1049213816 storage slots, 1049645344 trie entries
2026/03/21 09:36:35 [Contract] 15.4% of target (184.52 GB / 1.17 TB), 8334 contracts, 1061906483 storage slots, 1062342899 trie entries
2026/03/21 09:36:55 [Contract] 15.4% of target (184.52 GB / 1.17 TB), 8440 contracts, 1073990170 storage slots, 1074431984 trie entries
2026/03/21 09:37:15 [Contract] 16.5% of target (197.98 GB / 1.17 TB), 8532 contracts, 1085935314 storage slots, 1086381921 trie entries
2026/03/21 09:37:36 [Contract] 16.5% of target (197.98 GB / 1.17 TB), 8611 contracts, 1097554827 storage slots, 1098005423 trie entries
2026/03/21 09:37:56 [Contract] 16.5% of target (197.98 GB / 1.17 TB), 8706 contracts, 1108851964 storage slots, 1109307564 trie entries
2026/03/21 09:38:17 [Contract] 16.5% of target (197.98 GB / 1.17 TB), 8789 contracts, 1119662767 storage slots, 1120122614 trie entries
2026/03/21 09:38:37 [Contract] 16.5% of target (197.98 GB / 1.17 TB), 8874 contracts, 1129935212 storage slots, 1130399600 trie entries
2026/03/21 09:38:57 [Contract] 16.5% of target (197.98 GB / 1.17 TB), 8938 contracts, 1139351133 storage slots, 1139818784 trie entries
2026/03/21 09:39:18 [Contract] 17.5% of target (209.42 GB / 1.17 TB), 9014 contracts, 1148816156 storage slots, 1149287855 trie entries
2026/03/21 09:39:39 [Contract] 17.5% of target (209.42 GB / 1.17 TB), 9088 contracts, 1158224344 storage slots, 1158699862 trie entries
2026/03/21 09:40:00 [Contract] 17.5% of target (209.42 GB / 1.17 TB), 9156 contracts, 1167655410 storage slots, 1168134547 trie entries
2026/03/21 09:40:20 [Contract] 17.5% of target (209.42 GB / 1.17 TB), 9220 contracts, 1176858377 storage slots, 1177340730 trie entries
2026/03/21 09:40:42 [Contract] 17.5% of target (209.42 GB / 1.17 TB), 9304 contracts, 1186563298 storage slots, 1187050086 trie entries
2026/03/21 09:41:02 [Contract] 17.5% of target (209.42 GB / 1.17 TB), 9375 contracts, 1195464714 storage slots, 1195955355 trie entries
2026/03/21 09:41:22 [Contract] 17.5% of target (209.42 GB / 1.17 TB), 9433 contracts, 1203403433 storage slots, 1203897128 trie entries
2026/03/21 09:41:42 [Contract] 18.4% of target (221.39 GB / 1.17 TB), 9504 contracts, 1211579631 storage slots, 1212076887 trie entries
2026/03/21 09:42:02 [Contract] 18.4% of target (221.39 GB / 1.17 TB), 9574 contracts, 1219522470 storage slots, 1220023413 trie entries
2026/03/21 09:42:22 [Contract] 18.4% of target (221.39 GB / 1.17 TB), 9641 contracts, 1229363178 storage slots, 1229867684 trie entries
2026/03/21 09:42:42 [Contract] 18.4% of target (221.39 GB / 1.17 TB), 9699 contracts, 1237735141 storage slots, 1238242522 trie entries
2026/03/21 09:43:03 [Contract] 18.4% of target (221.39 GB / 1.17 TB), 9763 contracts, 1246127503 storage slots, 1246638178 trie entries
2026/03/21 09:43:23 [Contract] 18.4% of target (221.39 GB / 1.17 TB), 9828 contracts, 1253987782 storage slots, 1254501678 trie entries
2026/03/21 09:43:44 [Contract] 18.4% of target (221.39 GB / 1.17 TB), 9900 contracts, 1263310424 storage slots, 1263828159 trie entries
2026/03/21 09:44:04 [Contract] 18.4% of target (221.39 GB / 1.17 TB), 9969 contracts, 1272717578 storage slots, 1273239005 trie entries
2026/03/21 09:44:24 [Contract] 19.4% of target (232.37 GB / 1.17 TB), 10042 contracts, 1280500376 storage slots, 1281025665 trie entries
2026/03/21 09:44:45 [Contract] 19.4% of target (232.37 GB / 1.17 TB), 10121 contracts, 1289272945 storage slots, 1289802350 trie entries
2026/03/21 09:45:06 [Contract] 19.4% of target (232.37 GB / 1.17 TB), 10199 contracts, 1298663955 storage slots, 1299197574 trie entries
2026/03/21 09:45:26 [Contract] 19.4% of target (232.37 GB / 1.17 TB), 10269 contracts, 1307095319 storage slots, 1307632587 trie entries
2026/03/21 09:45:46 [Contract] 19.4% of target (232.37 GB / 1.17 TB), 10339 contracts, 1316216783 storage slots, 1316757731 trie entries
2026/03/21 09:46:06 [Contract] 19.4% of target (232.37 GB / 1.17 TB), 10404 contracts, 1324295583 storage slots, 1324840159 trie entries
2026/03/21 09:46:26 [Contract] 19.4% of target (232.37 GB / 1.17 TB), 10476 contracts, 1332564798 storage slots, 1333113051 trie entries
2026/03/21 09:46:47 [Contract] 20.2% of target (242.23 GB / 1.17 TB), 10552 contracts, 1342349953 storage slots, 1342902097 trie entries
2026/03/21 09:47:07 [Contract] 20.2% of target (242.23 GB / 1.17 TB), 10616 contracts, 1350017242 storage slots, 1350572722 trie entries
2026/03/21 09:47:28 [Contract] 20.2% of target (242.23 GB / 1.17 TB), 10692 contracts, 1359483513 storage slots, 1360043029 trie entries
2026/03/21 09:47:48 [Contract] 20.2% of target (242.23 GB / 1.17 TB), 10769 contracts, 1368362710 storage slots, 1368926314 trie entries
2026/03/21 09:48:10 [Contract] 20.2% of target (242.23 GB / 1.17 TB), 10845 contracts, 1377644572 storage slots, 1378212159 trie entries
2026/03/21 09:48:30 [Contract] 20.2% of target (242.23 GB / 1.17 TB), 10911 contracts, 1385914992 storage slots, 1386485960 trie entries
2026/03/21 09:48:50 [Contract] 20.2% of target (242.23 GB / 1.17 TB), 10988 contracts, 1394915704 storage slots, 1395490624 trie entries
2026/03/21 09:49:11 [Contract] 21.2% of target (253.81 GB / 1.17 TB), 11066 contracts, 1403477058 storage slots, 1404056049 trie entries
2026/03/21 09:49:32 [Contract] 21.2% of target (253.81 GB / 1.17 TB), 11134 contracts, 1411991553 storage slots, 1412574060 trie entries
2026/03/21 09:49:53 [Contract] 21.2% of target (253.81 GB / 1.17 TB), 11197 contracts, 1421347269 storage slots, 1421933064 trie entries
2026/03/21 09:50:13 [Contract] 21.2% of target (253.81 GB / 1.17 TB), 11260 contracts, 1429792332 storage slots, 1430381534 trie entries
2026/03/21 09:50:34 [Contract] 21.2% of target (253.81 GB / 1.17 TB), 11335 contracts, 1439137905 storage slots, 1439731077 trie entries
2026/03/21 09:50:55 [Contract] 21.2% of target (253.81 GB / 1.17 TB), 11396 contracts, 1448536639 storage slots, 1449132940 trie entries
2026/03/21 09:51:15 [Contract] 21.2% of target (253.81 GB / 1.17 TB), 11457 contracts, 1456197578 storage slots, 1456797012 trie entries
2026/03/21 09:51:35 [Contract] 21.2% of target (253.81 GB / 1.17 TB), 11517 contracts, 1464075315 storage slots, 1464677917 trie entries
2026/03/21 09:51:55 [Contract] 21.2% of target (253.81 GB / 1.17 TB), 11583 contracts, 1473168953 storage slots, 1473775130 trie entries
2026/03/21 09:52:15 [Contract] 21.2% of target (253.81 GB / 1.17 TB), 11645 contracts, 1480058629 storage slots, 1480668053 trie entries
2026/03/21 09:52:35 [Contract] 21.2% of target (253.81 GB / 1.17 TB), 11719 contracts, 1490153036 storage slots, 1490766220 trie entries
2026/03/21 09:52:55 [Contract] 21.2% of target (253.81 GB / 1.17 TB), 11774 contracts, 1498878000 storage slots, 1499494044 trie entries
2026/03/21 09:53:16 [Contract] 21.2% of target (253.81 GB / 1.17 TB), 11843 contracts, 1506362145 storage slots, 1506981800 trie entries
2026/03/21 09:53:36 [Contract] 21.2% of target (253.81 GB / 1.17 TB), 11911 contracts, 1515821378 storage slots, 1516444453 trie entries
2026/03/21 09:53:56 [Contract] 21.2% of target (253.81 GB / 1.17 TB), 11972 contracts, 1524237439 storage slots, 1524863689 trie entries
2026/03/21 09:54:17 [Contract] 23.2% of target (278.35 GB / 1.17 TB), 12040 contracts, 1532205060 storage slots, 1532834938 trie entries
2026/03/21 09:54:37 [Contract] 23.2% of target (278.35 GB / 1.17 TB), 12104 contracts, 1541081570 storage slots, 1541714790 trie entries
2026/03/21 09:54:57 [Contract] 23.2% of target (278.35 GB / 1.17 TB), 12172 contracts, 1549167975 storage slots, 1549804705 trie entries
2026/03/21 09:55:17 [Contract] 23.2% of target (278.35 GB / 1.17 TB), 12238 contracts, 1558158757 storage slots, 1558798947 trie entries
2026/03/21 09:55:38 [Contract] 23.2% of target (278.35 GB / 1.17 TB), 12299 contracts, 1565743147 storage slots, 1566386638 trie entries
2026/03/21 09:55:58 [Contract] 23.2% of target (278.35 GB / 1.17 TB), 12379 contracts, 1574540664 storage slots, 1575188231 trie entries
2026/03/21 09:56:19 [Contract] 23.2% of target (278.35 GB / 1.17 TB), 12443 contracts, 1583778635 storage slots, 1584429589 trie entries
2026/03/21 09:56:40 [Contract] 23.2% of target (278.35 GB / 1.17 TB), 12499 contracts, 1592182900 storage slots, 1592836620 trie entries
2026/03/21 09:57:00 [Contract] 24.1% of target (289.13 GB / 1.17 TB), 12563 contracts, 1600573431 storage slots, 1601230416 trie entries
2026/03/21 09:57:21 [Contract] 24.1% of target (289.13 GB / 1.17 TB), 12624 contracts, 1608969090 storage slots, 1609629114 trie entries
2026/03/21 09:57:41 [Contract] 24.1% of target (289.13 GB / 1.17 TB), 12685 contracts, 1617067288 storage slots, 1617730451 trie entries
2026/03/21 09:58:01 [Contract] 24.1% of target (289.13 GB / 1.17 TB), 12745 contracts, 1624758238 storage slots, 1625424517 trie entries
2026/03/21 09:58:22 [Contract] 24.1% of target (289.13 GB / 1.17 TB), 12810 contracts, 1632722551 storage slots, 1633392065 trie entries
2026/03/21 09:58:42 [Contract] 24.1% of target (289.13 GB / 1.17 TB), 12874 contracts, 1641433795 storage slots, 1642106758 trie entries
2026/03/21 09:59:02 [Contract] 24.1% of target (289.13 GB / 1.17 TB), 12940 contracts, 1648197917 storage slots, 1648874273 trie entries
2026/03/21 09:59:22 [Contract] 25.1% of target (301.31 GB / 1.17 TB), 13007 contracts, 1657158551 storage slots, 1657838391 trie entries
2026/03/21 09:59:42 [Contract] 25.1% of target (301.31 GB / 1.17 TB), 13074 contracts, 1664863885 storage slots, 1665547101 trie entries
2026/03/21 10:00:03 [Contract] 25.1% of target (301.31 GB / 1.17 TB), 13145 contracts, 1673899190 storage slots, 1674586132 trie entries
2026/03/21 10:00:23 [Contract] 25.1% of target (301.31 GB / 1.17 TB), 13216 contracts, 1682503003 storage slots, 1683193712 trie entries
2026/03/21 10:00:44 [Contract] 25.1% of target (301.31 GB / 1.17 TB), 13284 contracts, 1691320322 storage slots, 1692014656 trie entries
2026/03/21 10:01:05 [Contract] 25.1% of target (301.31 GB / 1.17 TB), 13343 contracts, 1699407297 storage slots, 1700104721 trie entries
2026/03/21 10:01:25 [Contract] 25.1% of target (301.31 GB / 1.17 TB), 13408 contracts, 1708220973 storage slots, 1708921759 trie entries
2026/03/21 10:01:45 [Contract] 25.1% of target (301.31 GB / 1.17 TB), 13469 contracts, 1715546222 storage slots, 1716250092 trie entries
2026/03/21 10:02:05 [Contract] 26.1% of target (313.41 GB / 1.17 TB), 13532 contracts, 1723188313 storage slots, 1723895510 trie entries
2026/03/21 10:02:25 [Contract] 26.1% of target (313.41 GB / 1.17 TB), 13593 contracts, 1731551441 storage slots, 1732261782 trie entries
2026/03/21 10:02:46 [Contract] 26.1% of target (313.41 GB / 1.17 TB), 13657 contracts, 1738593932 storage slots, 1739307715 trie entries
2026/03/21 10:03:06 [Contract] 26.1% of target (313.41 GB / 1.17 TB), 13716 contracts, 1747924973 storage slots, 1748641734 trie entries
2026/03/21 10:03:27 [Contract] 26.1% of target (313.41 GB / 1.17 TB), 13778 contracts, 1756761879 storage slots, 1757481808 trie entries
2026/03/21 10:03:48 [Contract] 26.1% of target (313.41 GB / 1.17 TB), 13835 contracts, 1764034191 storage slots, 1764757161 trie entries
2026/03/21 10:04:08 [Contract] 26.1% of target (313.41 GB / 1.17 TB), 13891 contracts, 1771631594 storage slots, 1772357557 trie entries
2026/03/21 10:04:29 [Contract] 26.1% of target (313.41 GB / 1.17 TB), 13956 contracts, 1778742542 storage slots, 1779471816 trie entries
2026/03/21 10:04:49 [Contract] 27.1% of target (324.93 GB / 1.17 TB), 14036 contracts, 1787760065 storage slots, 1788493483 trie entries
2026/03/21 10:05:10 [Contract] 27.1% of target (324.93 GB / 1.17 TB), 14101 contracts, 1795214183 storage slots, 1795950882 trie entries
2026/03/21 10:05:30 [Contract] 27.1% of target (324.93 GB / 1.17 TB), 14161 contracts, 1803027867 storage slots, 1803767661 trie entries
2026/03/21 10:05:50 [Contract] 27.1% of target (324.93 GB / 1.17 TB), 14229 contracts, 1810110166 storage slots, 1810853655 trie entries
2026/03/21 10:06:10 [Contract] 27.1% of target (324.93 GB / 1.17 TB), 14285 contracts, 1818843727 storage slots, 1819590124 trie entries
2026/03/21 10:06:30 [Contract] 27.1% of target (324.93 GB / 1.17 TB), 14345 contracts, 1826480500 storage slots, 1827229944 trie entries
2026/03/21 10:06:50 [Contract] 27.1% of target (324.93 GB / 1.17 TB), 14404 contracts, 1833776211 storage slots, 1834528598 trie entries
2026/03/21 10:07:11 [Contract] 27.1% of target (324.93 GB / 1.17 TB), 14468 contracts, 1841644436 storage slots, 1842400266 trie entries
2026/03/21 10:07:31 [Contract] 27.9% of target (335.34 GB / 1.17 TB), 14535 contracts, 1849607053 storage slots, 1850366409 trie entries
2026/03/21 10:07:52 [Contract] 27.9% of target (335.34 GB / 1.17 TB), 14597 contracts, 1857361958 storage slots, 1858124453 trie entries
2026/03/21 10:08:12 [Contract] 27.9% of target (335.34 GB / 1.17 TB), 14667 contracts, 1865672567 storage slots, 1866438635 trie entries
2026/03/21 10:08:32 [Contract] 27.9% of target (335.34 GB / 1.17 TB), 14718 contracts, 1872662305 storage slots, 1873431007 trie entries
2026/03/21 10:08:52 [Contract] 27.9% of target (335.34 GB / 1.17 TB), 14772 contracts, 1879821560 storage slots, 1880593190 trie entries
2026/03/21 10:09:13 [Contract] 27.9% of target (335.34 GB / 1.17 TB), 14834 contracts, 1887743597 storage slots, 1888518476 trie entries
2026/03/21 10:09:34 [Contract] 27.9% of target (335.34 GB / 1.17 TB), 14897 contracts, 1896129974 storage slots, 1896908167 trie entries
2026/03/21 10:09:54 [Contract] 27.9% of target (335.34 GB / 1.17 TB), 14961 contracts, 1904226730 storage slots, 1905008229 trie entries
2026/03/21 10:10:15 [Contract] 28.9% of target (347.20 GB / 1.17 TB), 15007 contracts, 1912125523 storage slots, 1912909475 trie entries
2026/03/21 10:10:35 [Contract] 28.9% of target (347.20 GB / 1.17 TB), 15057 contracts, 1919094349 storage slots, 1919880902 trie entries
2026/03/21 10:10:55 [Contract] 28.9% of target (347.20 GB / 1.17 TB), 15128 contracts, 1927075191 storage slots, 1927865437 trie entries
2026/03/21 10:11:17 [Contract] 28.9% of target (347.20 GB / 1.17 TB), 15193 contracts, 1935970957 storage slots, 1936764576 trie entries
2026/03/21 10:11:37 [Contract] 28.9% of target (347.20 GB / 1.17 TB), 15252 contracts, 1943370782 storage slots, 1944167389 trie entries
2026/03/21 10:11:59 [Contract] 28.9% of target (347.20 GB / 1.17 TB), 15315 contracts, 1951749355 storage slots, 1952549212 trie entries
2026/03/21 10:12:19 [Contract] 28.9% of target (347.20 GB / 1.17 TB), 15374 contracts, 1958750302 storage slots, 1959553348 trie entries
2026/03/21 10:12:41 [Contract] 28.9% of target (347.20 GB / 1.17 TB), 15430 contracts, 1967378326 storage slots, 1968184188 trie entries
2026/03/21 10:13:01 [Contract] 28.9% of target (347.20 GB / 1.17 TB), 15484 contracts, 1973757175 storage slots, 1974565901 trie entries
2026/03/21 10:13:21 [Contract] 30.0% of target (360.40 GB / 1.17 TB), 15564 contracts, 1981744320 storage slots, 1982557121 trie entries
2026/03/21 10:13:41 [Contract] 30.0% of target (360.40 GB / 1.17 TB), 15636 contracts, 1989835744 storage slots, 1990652229 trie entries
2026/03/21 10:14:02 [Contract] 30.0% of target (360.40 GB / 1.17 TB), 15705 contracts, 1997876405 storage slots, 1998696374 trie entries
2026/03/21 10:14:22 [Contract] 30.0% of target (360.40 GB / 1.17 TB), 15767 contracts, 2005902435 storage slots, 2006725683 trie entries
2026/03/21 10:14:43 [Contract] 30.0% of target (360.40 GB / 1.17 TB), 15825 contracts, 2013491412 storage slots, 2014317618 trie entries
2026/03/21 10:15:03 [Contract] 30.0% of target (360.40 GB / 1.17 TB), 15882 contracts, 2020600887 storage slots, 2021430139 trie entries
2026/03/21 10:15:25 [Contract] 30.0% of target (360.40 GB / 1.17 TB), 15947 contracts, 2029309072 storage slots, 2030141594 trie entries
2026/03/21 10:15:45 [Contract] 30.9% of target (371.37 GB / 1.17 TB), 16005 contracts, 2036645866 storage slots, 2037481531 trie entries
2026/03/21 10:16:06 [Contract] 30.9% of target (371.37 GB / 1.17 TB), 16068 contracts, 2043922416 storage slots, 2044761283 trie entries
2026/03/21 10:16:26 [Contract] 30.9% of target (371.37 GB / 1.17 TB), 16126 contracts, 2052556332 storage slots, 2053398224 trie entries
2026/03/21 10:16:46 [Contract] 30.9% of target (371.37 GB / 1.17 TB), 16188 contracts, 2059884612 storage slots, 2060729731 trie entries
2026/03/21 10:17:08 [Contract] 30.9% of target (371.37 GB / 1.17 TB), 16253 contracts, 2068015556 storage slots, 2068864021 trie entries
2026/03/21 10:17:28 [Contract] 30.9% of target (371.37 GB / 1.17 TB), 16314 contracts, 2075166551 storage slots, 2076018175 trie entries
2026/03/21 10:17:49 [Contract] 30.9% of target (371.37 GB / 1.17 TB), 16369 contracts, 2082667606 storage slots, 2083522061 trie entries
2026/03/21 10:18:09 [Contract] 30.9% of target (371.37 GB / 1.17 TB), 16428 contracts, 2090364721 storage slots, 2091222211 trie entries
2026/03/21 10:18:30 [Contract] 30.9% of target (371.37 GB / 1.17 TB), 16492 contracts, 2097350904 storage slots, 2098211924 trie entries
2026/03/21 10:18:50 [Contract] 30.9% of target (371.37 GB / 1.17 TB), 16562 contracts, 2106460205 storage slots, 2107324770 trie entries
2026/03/21 10:19:11 [Contract] 30.9% of target (371.37 GB / 1.17 TB), 16617 contracts, 2114230421 storage slots, 2115097735 trie entries
2026/03/21 10:19:31 [Contract] 30.9% of target (371.37 GB / 1.17 TB), 16678 contracts, 2121515888 storage slots, 2122386337 trie entries
2026/03/21 10:19:52 [Contract] 30.9% of target (371.37 GB / 1.17 TB), 16748 contracts, 2130714923 storage slots, 2131589032 trie entries
2026/03/21 10:20:12 [Contract] 30.9% of target (371.37 GB / 1.17 TB), 16802 contracts, 2137902024 storage slots, 2138778990 trie entries
2026/03/21 10:20:32 [Contract] 30.9% of target (371.37 GB / 1.17 TB), 16857 contracts, 2144643367 storage slots, 2145523134 trie entries
2026/03/21 10:20:53 [Contract] 30.9% of target (371.37 GB / 1.17 TB), 16928 contracts, 2152980493 storage slots, 2153864076 trie entries
2026/03/21 10:21:15 [Contract] 30.9% of target (371.37 GB / 1.17 TB), 16989 contracts, 2160356309 storage slots, 2161243098 trie entries
2026/03/21 10:21:36 [Contract] 32.8% of target (393.09 GB / 1.17 TB), 17058 contracts, 2168653557 storage slots, 2169543766 trie entries
2026/03/21 10:21:56 [Contract] 32.8% of target (393.09 GB / 1.17 TB), 17114 contracts, 2176034089 storage slots, 2176927134 trie entries
2026/03/21 10:22:16 [Contract] 32.8% of target (393.09 GB / 1.17 TB), 17176 contracts, 2183192067 storage slots, 2184088307 trie entries
2026/03/21 10:22:36 [Contract] 32.8% of target (393.09 GB / 1.17 TB), 17236 contracts, 2190925916 storage slots, 2191825206 trie entries
2026/03/21 10:22:57 [Contract] 32.8% of target (393.09 GB / 1.17 TB), 17296 contracts, 2197999503 storage slots, 2198902005 trie entries
2026/03/21 10:23:17 [Contract] 32.8% of target (393.09 GB / 1.17 TB), 17354 contracts, 2205441752 storage slots, 2206347330 trie entries
2026/03/21 10:23:37 [Contract] 32.8% of target (393.09 GB / 1.17 TB), 17410 contracts, 2212158879 storage slots, 2213067452 trie entries
2026/03/21 10:23:58 [Contract] 32.8% of target (393.09 GB / 1.17 TB), 17464 contracts, 2220080649 storage slots, 2220992054 trie entries
2026/03/21 10:24:19 [Contract] 32.8% of target (393.09 GB / 1.17 TB), 17518 contracts, 2227420420 storage slots, 2228334728 trie entries
2026/03/21 10:24:39 [Contract] 32.8% of target (393.09 GB / 1.17 TB), 17584 contracts, 2235212659 storage slots, 2236130402 trie entries
2026/03/21 10:24:59 [Contract] 32.8% of target (393.09 GB / 1.17 TB), 17646 contracts, 2242057700 storage slots, 2242978684 trie entries
2026/03/21 10:25:20 [Contract] 32.8% of target (393.09 GB / 1.17 TB), 17707 contracts, 2250537906 storage slots, 2251462142 trie entries
2026/03/21 10:25:40 [Contract] 32.8% of target (393.09 GB / 1.17 TB), 17758 contracts, 2257719019 storage slots, 2258645821 trie entries
2026/03/21 10:26:01 [Contract] 32.8% of target (393.09 GB / 1.17 TB), 17815 contracts, 2266006525 storage slots, 2266936283 trie entries
2026/03/21 10:26:22 [Contract] 32.8% of target (393.09 GB / 1.17 TB), 17873 contracts, 2273296754 storage slots, 2274229419 trie entries
2026/03/21 10:26:43 [Contract] 32.8% of target (393.09 GB / 1.17 TB), 17930 contracts, 2279816447 storage slots, 2280752016 trie entries
2026/03/21 10:27:03 [Contract] 32.8% of target (393.09 GB / 1.17 TB), 17994 contracts, 2288182258 storage slots, 2289121338 trie entries
2026/03/21 10:27:23 [Contract] 34.7% of target (416.73 GB / 1.17 TB), 18046 contracts, 2295035564 storage slots, 2295977320 trie entries
2026/03/21 10:27:44 [Contract] 34.7% of target (416.73 GB / 1.17 TB), 18107 contracts, 2302809157 storage slots, 2303753957 trie entries
2026/03/21 10:28:04 [Contract] 34.7% of target (416.73 GB / 1.17 TB), 18173 contracts, 2310031579 storage slots, 2310979686 trie entries
2026/03/21 10:28:24 [Contract] 34.7% of target (416.73 GB / 1.17 TB), 18237 contracts, 2317103167 storage slots, 2318054603 trie entries
2026/03/21 10:28:44 [Contract] 34.7% of target (416.73 GB / 1.17 TB), 18302 contracts, 2324811925 storage slots, 2325766762 trie entries
2026/03/21 10:29:05 [Contract] 34.7% of target (416.73 GB / 1.17 TB), 18357 contracts, 2332269939 storage slots, 2333227713 trie entries
2026/03/21 10:29:26 [Contract] 34.7% of target (416.73 GB / 1.17 TB), 18420 contracts, 2339528805 storage slots, 2340489822 trie entries
2026/03/21 10:29:46 [Contract] 34.7% of target (416.73 GB / 1.17 TB), 18481 contracts, 2346780938 storage slots, 2347745204 trie entries
2026/03/21 10:30:07 [Contract] 35.7% of target (428.63 GB / 1.17 TB), 18542 contracts, 2354481954 storage slots, 2355449396 trie entries
2026/03/21 10:30:27 [Contract] 35.7% of target (428.63 GB / 1.17 TB), 18602 contracts, 2362233919 storage slots, 2363204563 trie entries
2026/03/21 10:30:47 [Contract] 35.7% of target (428.63 GB / 1.17 TB), 18645 contracts, 2368650035 storage slots, 2369623030 trie entries
2026/03/21 10:31:07 [Contract] 35.7% of target (428.63 GB / 1.17 TB), 18695 contracts, 2374988542 storage slots, 2375964092 trie entries
2026/03/21 10:31:27 [Contract] 35.7% of target (428.63 GB / 1.17 TB), 18760 contracts, 2382940065 storage slots, 2383918921 trie entries
2026/03/21 10:31:48 [Contract] 35.7% of target (428.63 GB / 1.17 TB), 18818 contracts, 2389780808 storage slots, 2390762734 trie entries
2026/03/21 10:32:08 [Contract] 35.7% of target (428.63 GB / 1.17 TB), 18885 contracts, 2398583113 storage slots, 2399568664 trie entries
2026/03/21 10:32:29 [Contract] 35.7% of target (428.63 GB / 1.17 TB), 18944 contracts, 2405512638 storage slots, 2406501386 trie entries
2026/03/21 10:32:49 [Contract] 36.7% of target (440.48 GB / 1.17 TB), 19003 contracts, 2413914159 storage slots, 2414905880 trie entries
2026/03/21 10:33:10 [Contract] 36.7% of target (440.48 GB / 1.17 TB), 19061 contracts, 2421251447 storage slots, 2422246164 trie entries
2026/03/21 10:33:31 [Contract] 36.7% of target (440.48 GB / 1.17 TB), 19122 contracts, 2428565384 storage slots, 2429563288 trie entries
2026/03/21 10:33:53 [Contract] 36.7% of target (440.48 GB / 1.17 TB), 19187 contracts, 2436945746 storage slots, 2437947110 trie entries
2026/03/21 10:34:14 [Contract] 36.7% of target (440.48 GB / 1.17 TB), 19242 contracts, 2444325768 storage slots, 2445329906 trie entries
2026/03/21 10:34:34 [Contract] 36.7% of target (440.48 GB / 1.17 TB), 19297 contracts, 2451187974 storage slots, 2452195007 trie entries
2026/03/21 10:34:56 [Contract] 36.7% of target (440.48 GB / 1.17 TB), 19356 contracts, 2460074065 storage slots, 2461084126 trie entries
2026/03/21 10:35:16 [Contract] 36.7% of target (440.48 GB / 1.17 TB), 19410 contracts, 2468031517 storage slots, 2469044276 trie entries
2026/03/21 10:35:37 [Contract] 36.7% of target (440.48 GB / 1.17 TB), 19464 contracts, 2474710907 storage slots, 2475726498 trie entries
2026/03/21 10:35:57 [Contract] 37.6% of target (450.94 GB / 1.17 TB), 19529 contracts, 2481993423 storage slots, 2483012392 trie entries
2026/03/21 10:36:17 [Contract] 37.6% of target (450.94 GB / 1.17 TB), 19586 contracts, 2489549842 storage slots, 2490571914 trie entries
2026/03/21 10:36:37 [Contract] 37.6% of target (450.94 GB / 1.17 TB), 19643 contracts, 2496558111 storage slots, 2497583152 trie entries
2026/03/21 10:36:58 [Contract] 37.6% of target (450.94 GB / 1.17 TB), 19700 contracts, 2504710240 storage slots, 2505738303 trie entries
2026/03/21 10:37:18 [Contract] 37.6% of target (450.94 GB / 1.17 TB), 19746 contracts, 2511448420 storage slots, 2512478932 trie entries
2026/03/21 10:37:38 [Contract] 37.6% of target (450.94 GB / 1.17 TB), 19804 contracts, 2518309343 storage slots, 2519342762 trie entries
2026/03/21 10:37:59 [Contract] 37.6% of target (450.94 GB / 1.17 TB), 19866 contracts, 2525021961 storage slots, 2526058525 trie entries
2026/03/21 10:38:19 [Contract] 37.6% of target (450.94 GB / 1.17 TB), 19929 contracts, 2533507286 storage slots, 2534547127 trie entries
2026/03/21 10:38:39 [Contract] 37.6% of target (450.94 GB / 1.17 TB), 19987 contracts, 2539784196 storage slots, 2540827148 trie entries
2026/03/21 10:39:00 [Contract] 38.6% of target (462.61 GB / 1.17 TB), 20056 contracts, 2547082207 storage slots, 2548128808 trie entries
2026/03/21 10:39:20 [Contract] 38.6% of target (462.61 GB / 1.17 TB), 20122 contracts, 2555087867 storage slots, 2556137971 trie entries
2026/03/21 10:39:41 [Contract] 38.6% of target (462.61 GB / 1.17 TB), 20168 contracts, 2560758650 storage slots, 2561811259 trie entries
2026/03/21 10:40:01 [Contract] 38.6% of target (462.61 GB / 1.17 TB), 20231 contracts, 2568831998 storage slots, 2569887842 trie entries
2026/03/21 10:40:21 [Contract] 38.6% of target (462.61 GB / 1.17 TB), 20284 contracts, 2575352131 storage slots, 2576410787 trie entries
2026/03/21 10:40:41 [Contract] 38.6% of target (462.61 GB / 1.17 TB), 20335 contracts, 2582680667 storage slots, 2583741841 trie entries
2026/03/21 10:41:02 [Contract] 38.6% of target (462.61 GB / 1.17 TB), 20386 contracts, 2590102987 storage slots, 2591166822 trie entries
2026/03/21 10:41:22 [Contract] 38.6% of target (462.61 GB / 1.17 TB), 20442 contracts, 2595983457 storage slots, 2597050324 trie entries
2026/03/21 10:41:43 [Contract] 39.7% of target (476.70 GB / 1.17 TB), 20514 contracts, 2604716066 storage slots, 2605786647 trie entries
2026/03/21 10:42:04 [Contract] 39.7% of target (476.70 GB / 1.17 TB), 20576 contracts, 2612024082 storage slots, 2613097891 trie entries
2026/03/21 10:42:24 [Contract] 39.7% of target (476.70 GB / 1.17 TB), 20639 contracts, 2619878445 storage slots, 2620955506 trie entries
2026/03/21 10:42:44 [Contract] 39.7% of target (476.70 GB / 1.17 TB), 20695 contracts, 2627047544 storage slots, 2628127565 trie entries
2026/03/21 10:43:04 [Contract] 39.7% of target (476.70 GB / 1.17 TB), 20753 contracts, 2634414742 storage slots, 2635497735 trie entries
2026/03/21 10:43:25 [Contract] 39.7% of target (476.70 GB / 1.17 TB), 20816 contracts, 2641352986 storage slots, 2642439211 trie entries
2026/03/21 10:43:46 [Contract] 39.7% of target (476.70 GB / 1.17 TB), 20876 contracts, 2648677439 storage slots, 2649766686 trie entries
2026/03/21 10:44:07 [Contract] 39.7% of target (476.70 GB / 1.17 TB), 20932 contracts, 2656042449 storage slots, 2657134631 trie entries
2026/03/21 10:44:27 [Contract] 39.7% of target (476.70 GB / 1.17 TB), 20993 contracts, 2663279664 storage slots, 2664374886 trie entries
2026/03/21 10:44:47 [Contract] 39.7% of target (476.70 GB / 1.17 TB), 21052 contracts, 2670433639 storage slots, 2671531822 trie entries
2026/03/21 10:45:08 [Contract] 39.7% of target (476.70 GB / 1.17 TB), 21115 contracts, 2677904324 storage slots, 2679005863 trie entries
2026/03/21 10:45:29 [Contract] 39.7% of target (476.70 GB / 1.17 TB), 21177 contracts, 2685405434 storage slots, 2686510106 trie entries
2026/03/21 10:45:49 [Contract] 39.7% of target (476.70 GB / 1.17 TB), 21235 contracts, 2692652406 storage slots, 2693760045 trie entries
2026/03/21 10:46:10 [Contract] 39.7% of target (476.70 GB / 1.17 TB), 21293 contracts, 2700154697 storage slots, 2701265452 trie entries
2026/03/21 10:46:30 [Contract] 39.7% of target (476.70 GB / 1.17 TB), 21354 contracts, 2706718169 storage slots, 2707831940 trie entries
2026/03/21 10:46:50 [Contract] 39.7% of target (476.70 GB / 1.17 TB), 21430 contracts, 2714532923 storage slots, 2715650580 trie entries
2026/03/21 10:47:10 [Contract] 39.7% of target (476.70 GB / 1.17 TB), 21495 contracts, 2721604613 storage slots, 2722725673 trie entries
2026/03/21 10:47:31 [Contract] 39.7% of target (476.70 GB / 1.17 TB), 21547 contracts, 2728394554 storage slots, 2729518232 trie entries
2026/03/21 10:47:52 [Contract] 39.7% of target (476.70 GB / 1.17 TB), 21606 contracts, 2736800445 storage slots, 2737927193 trie entries
2026/03/21 10:48:12 [Contract] 39.7% of target (476.70 GB / 1.17 TB), 21661 contracts, 2743643587 storage slots, 2744773189 trie entries
2026/03/21 10:48:33 [Contract] 39.7% of target (476.70 GB / 1.17 TB), 21726 contracts, 2750612166 storage slots, 2751745146 trie entries
2026/03/21 10:48:53 [Contract] 39.7% of target (476.70 GB / 1.17 TB), 21783 contracts, 2758922170 storage slots, 2760058073 trie entries
2026/03/21 10:49:13 [Contract] 39.7% of target (476.70 GB / 1.17 TB), 21835 contracts, 2767065501 storage slots, 2768204063 trie entries
2026/03/21 10:49:35 [Contract] 39.7% of target (476.70 GB / 1.17 TB), 21878 contracts, 2772023110 storage slots, 2773163877 trie entries
2026/03/21 10:49:56 [Contract] 39.7% of target (476.70 GB / 1.17 TB), 21946 contracts, 2780743683 storage slots, 2781888047 trie entries
2026/03/21 10:50:17 [Contract] 42.2% of target (506.40 GB / 1.17 TB), 22010 contracts, 2788117683 storage slots, 2789265406 trie entries
2026/03/21 10:50:38 [Contract] 42.2% of target (506.40 GB / 1.17 TB), 22073 contracts, 2796497927 storage slots, 2797649032 trie entries
2026/03/21 10:50:59 [Contract] 42.2% of target (506.40 GB / 1.17 TB), 22126 contracts, 2803679119 storage slots, 2804832835 trie entries
2026/03/21 10:51:19 [Contract] 42.2% of target (506.40 GB / 1.17 TB), 22188 contracts, 2810373510 storage slots, 2811530520 trie entries
2026/03/21 10:51:39 [Contract] 42.2% of target (506.40 GB / 1.17 TB), 22253 contracts, 2818472686 storage slots, 2819632992 trie entries
2026/03/21 10:52:01 [Contract] 42.2% of target (506.40 GB / 1.17 TB), 22309 contracts, 2825816946 storage slots, 2826980169 trie entries
2026/03/21 10:52:21 [Contract] 42.2% of target (506.40 GB / 1.17 TB), 22363 contracts, 2832144889 storage slots, 2833310934 trie entries
2026/03/21 10:52:42 [Contract] 42.2% of target (506.40 GB / 1.17 TB), 22431 contracts, 2840506883 storage slots, 2841676433 trie entries
2026/03/21 10:53:03 [Contract] 42.2% of target (506.40 GB / 1.17 TB), 22488 contracts, 2847697874 storage slots, 2848870453 trie entries
2026/03/21 10:53:25 [Contract] 43.2% of target (518.61 GB / 1.17 TB), 22547 contracts, 2855133968 storage slots, 2856309713 trie entries
2026/03/21 10:53:45 [Contract] 43.2% of target (518.61 GB / 1.17 TB), 22603 contracts, 2861813562 storage slots, 2862992195 trie entries
2026/03/21 10:54:07 [Contract] 43.2% of target (518.61 GB / 1.17 TB), 22653 contracts, 2869965194 storage slots, 2871146459 trie entries
2026/03/21 10:54:28 [Contract] 43.2% of target (518.61 GB / 1.17 TB), 22708 contracts, 2877742423 storage slots, 2878926405 trie entries
2026/03/21 10:54:48 [Contract] 43.2% of target (518.61 GB / 1.17 TB), 22763 contracts, 2885383004 storage slots, 2886569891 trie entries
2026/03/21 10:55:09 [Contract] 43.2% of target (518.61 GB / 1.17 TB), 22824 contracts, 2892931714 storage slots, 2894121806 trie entries
2026/03/21 10:55:30 [Contract] 43.2% of target (518.61 GB / 1.17 TB), 22874 contracts, 2899548894 storage slots, 2900741507 trie entries
2026/03/21 10:55:50 [Contract] 43.2% of target (518.61 GB / 1.17 TB), 22933 contracts, 2907610708 storage slots, 2908806313 trie entries
2026/03/21 10:56:11 [Contract] 43.2% of target (518.61 GB / 1.17 TB), 22990 contracts, 2913684155 storage slots, 2914882742 trie entries
2026/03/21 10:56:31 [Contract] 44.3% of target (532.12 GB / 1.17 TB), 23051 contracts, 2921461553 storage slots, 2922663257 trie entries
2026/03/21 10:56:51 [Contract] 44.3% of target (532.12 GB / 1.17 TB), 23111 contracts, 2928289610 storage slots, 2929494381 trie entries
2026/03/21 10:57:11 [Contract] 44.3% of target (532.12 GB / 1.17 TB), 23178 contracts, 2935657951 storage slots, 2936866183 trie entries
2026/03/21 10:57:32 [Contract] 44.3% of target (532.12 GB / 1.17 TB), 23236 contracts, 2943297856 storage slots, 2944509083 trie entries
2026/03/21 10:57:52 [Contract] 44.3% of target (532.12 GB / 1.17 TB), 23296 contracts, 2950197931 storage slots, 2951412328 trie entries
2026/03/21 10:58:12 [Contract] 44.3% of target (532.12 GB / 1.17 TB), 23355 contracts, 2956866540 storage slots, 2958084047 trie entries
2026/03/21 10:58:32 [Contract] 44.3% of target (532.12 GB / 1.17 TB), 23416 contracts, 2964153508 storage slots, 2965374240 trie entries
2026/03/21 10:58:52 [Contract] 44.3% of target (532.12 GB / 1.17 TB), 23475 contracts, 2971037827 storage slots, 2972261596 trie entries
2026/03/21 10:59:13 [Contract] 45.1% of target (541.70 GB / 1.17 TB), 23528 contracts, 2978860247 storage slots, 2980086783 trie entries
2026/03/21 10:59:34 [Contract] 45.1% of target (541.70 GB / 1.17 TB), 23591 contracts, 2986560980 storage slots, 2987790716 trie entries
2026/03/21 10:59:54 [Contract] 45.1% of target (541.70 GB / 1.17 TB), 23645 contracts, 2993629765 storage slots, 2994862179 trie entries
2026/03/21 11:00:14 [Contract] 45.1% of target (541.70 GB / 1.17 TB), 23700 contracts, 3000884836 storage slots, 3002120165 trie entries
2026/03/21 11:00:35 [Contract] 45.1% of target (541.70 GB / 1.17 TB), 23760 contracts, 3008231141 storage slots, 3009469688 trie entries
2026/03/21 11:00:56 [Contract] 45.1% of target (541.70 GB / 1.17 TB), 23816 contracts, 3014920800 storage slots, 3016162259 trie entries
2026/03/21 11:01:16 [Contract] 45.1% of target (541.70 GB / 1.17 TB), 23876 contracts, 3023724823 storage slots, 3024969394 trie entries
2026/03/21 11:01:37 [Contract] 45.1% of target (541.70 GB / 1.17 TB), 23931 contracts, 3030212318 storage slots, 3031459713 trie entries
2026/03/21 11:01:58 [Contract] 45.1% of target (541.70 GB / 1.17 TB), 23991 contracts, 3038601313 storage slots, 3039851934 trie entries
2026/03/21 11:02:18 [Contract] 46.1% of target (553.57 GB / 1.17 TB), 24040 contracts, 3045200119 storage slots, 3046453269 trie entries
2026/03/21 11:02:38 [Contract] 46.1% of target (553.57 GB / 1.17 TB), 24095 contracts, 3051587832 storage slots, 3052843709 trie entries
2026/03/21 11:02:59 [Contract] 46.1% of target (553.57 GB / 1.17 TB), 24161 contracts, 3059648222 storage slots, 3060907578 trie entries
2026/03/21 11:03:19 [Contract] 46.1% of target (553.57 GB / 1.17 TB), 24216 contracts, 3066894993 storage slots, 3068157234 trie entries
2026/03/21 11:03:40 [Contract] 46.1% of target (553.57 GB / 1.17 TB), 24275 contracts, 3072960512 storage slots, 3074225670 trie entries
2026/03/21 11:04:02 [Contract] 46.1% of target (553.57 GB / 1.17 TB), 24340 contracts, 3081614973 storage slots, 3082883446 trie entries
2026/03/21 11:04:24 [Contract] 46.1% of target (553.57 GB / 1.17 TB), 24400 contracts, 3089224606 storage slots, 3090496274 trie entries
2026/03/21 11:04:44 [Contract] 46.1% of target (553.57 GB / 1.17 TB), 24455 contracts, 3095701640 storage slots, 3096976173 trie entries
2026/03/21 11:05:04 [Contract] 47.0% of target (563.87 GB / 1.17 TB), 24502 contracts, 3103704997 storage slots, 3104981993 trie entries
2026/03/21 11:05:25 [Contract] 47.0% of target (563.87 GB / 1.17 TB), 24558 contracts, 3110401730 storage slots, 3111681667 trie entries
2026/03/21 11:05:45 [Contract] 47.0% of target (563.87 GB / 1.17 TB), 24626 contracts, 3117633585 storage slots, 3118917179 trie entries
2026/03/21 11:06:05 [Contract] 47.0% of target (563.87 GB / 1.17 TB), 24694 contracts, 3125391556 storage slots, 3126678786 trie entries
2026/03/21 11:06:26 [Contract] 47.0% of target (563.87 GB / 1.17 TB), 24743 contracts, 3131946769 storage slots, 3133236532 trie entries
2026/03/21 11:06:46 [Contract] 47.0% of target (563.87 GB / 1.17 TB), 24798 contracts, 3138250702 storage slots, 3139543311 trie entries
2026/03/21 11:07:06 [Contract] 47.0% of target (563.87 GB / 1.17 TB), 24861 contracts, 3146501418 storage slots, 3147797365 trie entries
2026/03/21 11:07:26 [Contract] 47.0% of target (563.87 GB / 1.17 TB), 24906 contracts, 3151838325 storage slots, 3153136638 trie entries
2026/03/21 11:07:47 [Contract] 47.0% of target (563.87 GB / 1.17 TB), 24972 contracts, 3159165220 storage slots, 3160467028 trie entries
2026/03/21 11:08:08 [Contract] 47.0% of target (563.87 GB / 1.17 TB), 25040 contracts, 3166753789 storage slots, 3168059183 trie entries
2026/03/21 11:08:29 [Contract] 47.0% of target (563.87 GB / 1.17 TB), 25098 contracts, 3173885509 storage slots, 3175193936 trie entries
2026/03/21 11:08:50 [Contract] 47.0% of target (563.87 GB / 1.17 TB), 25154 contracts, 3181191453 storage slots, 3182502841 trie entries
2026/03/21 11:09:11 [Contract] 47.0% of target (563.87 GB / 1.17 TB), 25208 contracts, 3188612585 storage slots, 3189926837 trie entries
2026/03/21 11:09:31 [Contract] 47.0% of target (563.87 GB / 1.17 TB), 25262 contracts, 3196283512 storage slots, 3197600570 trie entries
2026/03/21 11:09:52 [Contract] 47.0% of target (563.87 GB / 1.17 TB), 25315 contracts, 3202274230 storage slots, 3203594048 trie entries
2026/03/21 11:10:12 [Contract] 47.0% of target (563.87 GB / 1.17 TB), 25386 contracts, 3210617502 storage slots, 3211940945 trie entries
2026/03/21 11:10:32 [Contract] 47.0% of target (563.87 GB / 1.17 TB), 25435 contracts, 3217778300 storage slots, 3219104336 trie entries
2026/03/21 11:10:53 [Contract] 47.0% of target (563.87 GB / 1.17 TB), 25489 contracts, 3224158704 storage slots, 3225487533 trie entries
2026/03/21 11:11:13 [Contract] 48.9% of target (587.16 GB / 1.17 TB), 25556 contracts, 3231458315 storage slots, 3232790694 trie entries
2026/03/21 11:11:33 [Contract] 48.9% of target (587.16 GB / 1.17 TB), 25608 contracts, 3237766243 storage slots, 3239101303 trie entries
2026/03/21 11:11:54 [Contract] 48.9% of target (587.16 GB / 1.17 TB), 25677 contracts, 3246170382 storage slots, 3247508984 trie entries
2026/03/21 11:12:14 [Contract] 48.9% of target (587.16 GB / 1.17 TB), 25733 contracts, 3253804612 storage slots, 3255146081 trie entries
2026/03/21 11:12:34 [Contract] 48.9% of target (587.16 GB / 1.17 TB), 25781 contracts, 3260838902 storage slots, 3262182926 trie entries
2026/03/21 11:12:54 [Contract] 48.9% of target (587.16 GB / 1.17 TB), 25827 contracts, 3267338643 storage slots, 3268685149 trie entries
2026/03/21 11:13:15 [Contract] 48.9% of target (587.16 GB / 1.17 TB), 25879 contracts, 3274480934 storage slots, 3275830185 trie entries
2026/03/21 11:13:35 [Contract] 48.9% of target (587.16 GB / 1.17 TB), 25932 contracts, 3280882501 storage slots, 3282234554 trie entries
2026/03/21 11:13:55 [Contract] 48.9% of target (587.16 GB / 1.17 TB), 25994 contracts, 3288710481 storage slots, 3290065789 trie entries
2026/03/21 11:14:15 [Contract] 48.9% of target (587.16 GB / 1.17 TB), 26052 contracts, 3295837805 storage slots, 3297196103 trie entries
2026/03/21 11:14:35 [Contract] 48.9% of target (587.16 GB / 1.17 TB), 26109 contracts, 3302527995 storage slots, 3303889216 trie entries
2026/03/21 11:14:55 [Contract] 48.9% of target (587.16 GB / 1.17 TB), 26171 contracts, 3309274601 storage slots, 3310639062 trie entries
2026/03/21 11:15:15 [Contract] 48.9% of target (587.16 GB / 1.17 TB), 26227 contracts, 3317238592 storage slots, 3318605949 trie entries
2026/03/21 11:15:36 [Contract] 48.9% of target (587.16 GB / 1.17 TB), 26263 contracts, 3323686366 storage slots, 3325055573 trie entries
2026/03/21 11:15:56 [Contract] 48.9% of target (587.16 GB / 1.17 TB), 26321 contracts, 3331041805 storage slots, 3332414035 trie entries
2026/03/21 11:16:16 [Contract] 48.9% of target (587.16 GB / 1.17 TB), 26385 contracts, 3338033959 storage slots, 3339409499 trie entries
2026/03/21 11:16:36 [Contract] 48.9% of target (587.16 GB / 1.17 TB), 26450 contracts, 3345712525 storage slots, 3347091426 trie entries
2026/03/21 11:16:56 [Contract] 48.9% of target (587.16 GB / 1.17 TB), 26512 contracts, 3353842137 storage slots, 3355224346 trie entries
2026/03/21 11:17:17 [Contract] 48.9% of target (587.16 GB / 1.17 TB), 26555 contracts, 3359354738 storage slots, 3360739125 trie entries
2026/03/21 11:17:38 [Contract] 48.9% of target (587.16 GB / 1.17 TB), 26616 contracts, 3366676629 storage slots, 3368064237 trie entries
2026/03/21 11:17:58 [Contract] 48.9% of target (587.16 GB / 1.17 TB), 26682 contracts, 3374130221 storage slots, 3375521193 trie entries
2026/03/21 11:18:18 [Contract] 48.9% of target (587.16 GB / 1.17 TB), 26738 contracts, 3381954494 storage slots, 3383348415 trie entries
2026/03/21 11:18:39 [Contract] 48.9% of target (587.16 GB / 1.17 TB), 26793 contracts, 3387891912 storage slots, 3389288639 trie entries
2026/03/21 11:19:01 [Contract] 48.9% of target (587.16 GB / 1.17 TB), 26850 contracts, 3396019600 storage slots, 3397419340 trie entries
2026/03/21 11:19:21 [Contract] 48.9% of target (587.16 GB / 1.17 TB), 26919 contracts, 3402912898 storage slots, 3404316030 trie entries
2026/03/21 11:19:42 [Contract] 48.9% of target (587.16 GB / 1.17 TB), 26980 contracts, 3410939788 storage slots, 3412346021 trie entries
2026/03/21 11:20:04 [Contract] 51.7% of target (620.58 GB / 1.17 TB), 27045 contracts, 3419197518 storage slots, 3420607090 trie entries
2026/03/21 11:20:25 [Contract] 51.7% of target (620.58 GB / 1.17 TB), 27106 contracts, 3425568739 storage slots, 3426981475 trie entries
2026/03/21 11:20:46 [Contract] 51.7% of target (620.58 GB / 1.17 TB), 27170 contracts, 3433798922 storage slots, 3435214804 trie entries
2026/03/21 11:21:07 [Contract] 51.7% of target (620.58 GB / 1.17 TB), 27225 contracts, 3440101365 storage slots, 3441520042 trie entries
2026/03/21 11:21:28 [Contract] 51.7% of target (620.58 GB / 1.17 TB), 27289 contracts, 3448703185 storage slots, 3450125295 trie entries
2026/03/21 11:21:49 [Contract] 51.7% of target (620.58 GB / 1.17 TB), 27338 contracts, 3455817010 storage slots, 3457241560 trie entries
2026/03/21 11:22:09 [Contract] 51.7% of target (620.58 GB / 1.17 TB), 27392 contracts, 3462230201 storage slots, 3463657560 trie entries
2026/03/21 11:22:30 [Contract] 51.7% of target (620.58 GB / 1.17 TB), 27452 contracts, 3469413568 storage slots, 3470844061 trie entries
2026/03/21 11:22:51 [Contract] 53.0% of target (635.82 GB / 1.17 TB), 27504 contracts, 3476933418 storage slots, 3478366601 trie entries
2026/03/21 11:23:11 [Contract] 53.0% of target (635.82 GB / 1.17 TB), 27561 contracts, 3484086723 storage slots, 3485522831 trie entries
2026/03/21 11:23:31 [Contract] 53.0% of target (635.82 GB / 1.17 TB), 27620 contracts, 3490891771 storage slots, 3492331061 trie entries
2026/03/21 11:23:53 [Contract] 53.0% of target (635.82 GB / 1.17 TB), 27676 contracts, 3498754854 storage slots, 3500197205 trie entries
2026/03/21 11:24:14 [Contract] 53.0% of target (635.82 GB / 1.17 TB), 27726 contracts, 3505316908 storage slots, 3506761656 trie entries
2026/03/21 11:24:36 [Contract] 53.0% of target (635.82 GB / 1.17 TB), 27786 contracts, 3513159197 storage slots, 3514607096 trie entries
2026/03/21 11:24:56 [Contract] 53.0% of target (635.82 GB / 1.17 TB), 27835 contracts, 3521220209 storage slots, 3522670655 trie entries
2026/03/21 11:25:16 [Contract] 53.0% of target (635.82 GB / 1.17 TB), 27884 contracts, 3527312747 storage slots, 3528765692 trie entries
2026/03/21 11:25:36 [Contract] 53.0% of target (635.82 GB / 1.17 TB), 27940 contracts, 3534493969 storage slots, 3535949875 trie entries
2026/03/21 11:25:57 [Contract] 53.0% of target (635.82 GB / 1.17 TB), 27995 contracts, 3541398440 storage slots, 3542857238 trie entries
2026/03/21 11:26:17 [Contract] 53.8% of target (646.09 GB / 1.17 TB), 28050 contracts, 3549059389 storage slots, 3550521141 trie entries
2026/03/21 11:26:38 [Contract] 53.8% of target (646.09 GB / 1.17 TB), 28104 contracts, 3555346595 storage slots, 3556811086 trie entries
2026/03/21 11:26:59 [Contract] 53.8% of target (646.09 GB / 1.17 TB), 28164 contracts, 3563732859 storage slots, 3565200531 trie entries
2026/03/21 11:27:19 [Contract] 53.8% of target (646.09 GB / 1.17 TB), 28212 contracts, 3569572432 storage slots, 3571042607 trie entries
2026/03/21 11:27:40 [Contract] 53.8% of target (646.09 GB / 1.17 TB), 28275 contracts, 3577507779 storage slots, 3578981138 trie entries
2026/03/21 11:28:01 [Contract] 53.8% of target (646.09 GB / 1.17 TB), 28334 contracts, 3584676921 storage slots, 3586153412 trie entries
2026/03/21 11:28:21 [Contract] 53.8% of target (646.09 GB / 1.17 TB), 28382 contracts, 3592277963 storage slots, 3593756980 trie entries
2026/03/21 11:28:41 [Contract] 53.8% of target (646.09 GB / 1.17 TB), 28436 contracts, 3598193086 storage slots, 3599674936 trie entries
2026/03/21 11:29:02 [Contract] 53.8% of target (646.09 GB / 1.17 TB), 28499 contracts, 3605783124 storage slots, 3607268141 trie entries
2026/03/21 11:29:22 [Contract] 54.7% of target (655.96 GB / 1.17 TB), 28544 contracts, 3613001303 storage slots, 3614488579 trie entries
2026/03/21 11:29:44 [Contract] 54.7% of target (655.96 GB / 1.17 TB), 28598 contracts, 3620580449 storage slots, 3622070625 trie entries
2026/03/21 11:30:04 [Contract] 54.7% of target (655.96 GB / 1.17 TB), 28653 contracts, 3626591261 storage slots, 3628084333 trie entries
2026/03/21 11:30:24 [Contract] 54.7% of target (655.96 GB / 1.17 TB), 28704 contracts, 3634355153 storage slots, 3635850831 trie entries
2026/03/21 11:30:46 [Contract] 54.7% of target (655.96 GB / 1.17 TB), 28756 contracts, 3640076865 storage slots, 3641575303 trie entries
2026/03/21 11:31:06 [Contract] 54.7% of target (655.96 GB / 1.17 TB), 28821 contracts, 3648356389 storage slots, 3649858145 trie entries
2026/03/21 11:31:26 [Contract] 54.7% of target (655.96 GB / 1.17 TB), 28873 contracts, 3655291254 storage slots, 3656795897 trie entries
2026/03/21 11:31:46 [Contract] 54.7% of target (655.96 GB / 1.17 TB), 28919 contracts, 3661873860 storage slots, 3663380917 trie entries
2026/03/21 11:32:07 [Contract] 54.7% of target (655.96 GB / 1.17 TB), 28970 contracts, 3668653738 storage slots, 3670163448 trie entries
2026/03/21 11:32:27 [Contract] 55.9% of target (670.26 GB / 1.17 TB), 29024 contracts, 3675417926 storage slots, 3676930403 trie entries
2026/03/21 11:32:48 [Contract] 55.9% of target (670.26 GB / 1.17 TB), 29095 contracts, 3683301113 storage slots, 3684817271 trie entries
2026/03/21 11:33:08 [Contract] 55.9% of target (670.26 GB / 1.17 TB), 29160 contracts, 3691212361 storage slots, 3692731954 trie entries
2026/03/21 11:33:29 [Contract] 55.9% of target (670.26 GB / 1.17 TB), 29214 contracts, 3697859454 storage slots, 3699381821 trie entries
2026/03/21 11:33:51 [Contract] 55.9% of target (670.26 GB / 1.17 TB), 29271 contracts, 3706286111 storage slots, 3707811460 trie entries
2026/03/21 11:34:13 [Contract] 55.9% of target (670.26 GB / 1.17 TB), 29325 contracts, 3712461802 storage slots, 3713989964 trie entries
2026/03/21 11:34:33 [Contract] 55.9% of target (670.26 GB / 1.17 TB), 29384 contracts, 3720697987 storage slots, 3722229211 trie entries
2026/03/21 11:34:53 [Contract] 55.9% of target (670.26 GB / 1.17 TB), 29435 contracts, 3727630070 storage slots, 3729164090 trie entries
2026/03/21 11:35:14 [Contract] 55.9% of target (670.26 GB / 1.17 TB), 29488 contracts, 3734685864 storage slots, 3736222590 trie entries
2026/03/21 11:35:34 [Contract] 56.6% of target (679.15 GB / 1.17 TB), 29549 contracts, 3740975849 storage slots, 3742515620 trie entries
2026/03/21 11:35:56 [Contract] 56.6% of target (679.15 GB / 1.17 TB), 29626 contracts, 3749280758 storage slots, 3750824579 trie entries
2026/03/21 11:36:16 [Contract] 56.6% of target (679.15 GB / 1.17 TB), 29672 contracts, 3756758712 storage slots, 3758304986 trie entries
2026/03/21 11:36:37 [Contract] 56.6% of target (679.15 GB / 1.17 TB), 29731 contracts, 3763820534 storage slots, 3765369794 trie entries
2026/03/21 11:36:58 [Contract] 56.6% of target (679.15 GB / 1.17 TB), 29785 contracts, 3770591802 storage slots, 3772143834 trie entries
2026/03/21 11:37:18 [Contract] 56.6% of target (679.15 GB / 1.17 TB), 29839 contracts, 3778005602 storage slots, 3779560566 trie entries
2026/03/21 11:37:39 [Contract] 56.6% of target (679.15 GB / 1.17 TB), 29898 contracts, 3784853612 storage slots, 3786411740 trie entries
2026/03/21 11:37:59 [Contract] 56.6% of target (679.15 GB / 1.17 TB), 29960 contracts, 3792639017 storage slots, 3794200335 trie entries
2026/03/21 11:38:19 [Contract] 57.6% of target (690.92 GB / 1.17 TB), 30019 contracts, 3798929174 storage slots, 3800493585 trie entries
2026/03/21 11:38:40 [Contract] 57.6% of target (690.92 GB / 1.17 TB), 30087 contracts, 3806963274 storage slots, 3808531338 trie entries
2026/03/21 11:39:00 [Contract] 57.6% of target (690.92 GB / 1.17 TB), 30149 contracts, 3814887213 storage slots, 3816458485 trie entries
2026/03/21 11:39:21 [Contract] 57.6% of target (690.92 GB / 1.17 TB), 30199 contracts, 3821635138 storage slots, 3823208895 trie entries
2026/03/21 11:39:41 [Contract] 57.6% of target (690.92 GB / 1.17 TB), 30256 contracts, 3827974157 storage slots, 3829550835 trie entries
2026/03/21 11:40:02 [Contract] 57.6% of target (690.92 GB / 1.17 TB), 30316 contracts, 3836212997 storage slots, 3837792841 trie entries
2026/03/21 11:40:23 [Contract] 57.6% of target (690.92 GB / 1.17 TB), 30372 contracts, 3842367340 storage slots, 3843950184 trie entries
2026/03/21 11:40:43 [Contract] 57.6% of target (690.92 GB / 1.17 TB), 30440 contracts, 3850831959 storage slots, 3852418377 trie entries
2026/03/21 11:41:04 [Contract] 57.6% of target (690.92 GB / 1.17 TB), 30493 contracts, 3856087256 storage slots, 3857676533 trie entries
2026/03/21 11:41:24 [Contract] 58.7% of target (704.29 GB / 1.17 TB), 30562 contracts, 3863693038 storage slots, 3865285730 trie entries
2026/03/21 11:41:44 [Contract] 58.7% of target (704.29 GB / 1.17 TB), 30614 contracts, 3870932699 storage slots, 3872528085 trie entries
2026/03/21 11:42:04 [Contract] 58.7% of target (704.29 GB / 1.17 TB), 30672 contracts, 3877282977 storage slots, 3878881318 trie entries
2026/03/21 11:42:25 [Contract] 58.7% of target (704.29 GB / 1.17 TB), 30723 contracts, 3883413386 storage slots, 3885014340 trie entries
2026/03/21 11:42:45 [Contract] 58.7% of target (704.29 GB / 1.17 TB), 30779 contracts, 3890721546 storage slots, 3892325478 trie entries
2026/03/21 11:43:05 [Contract] 58.7% of target (704.29 GB / 1.17 TB), 30829 contracts, 3897567365 storage slots, 3899173889 trie entries
2026/03/21 11:43:25 [Contract] 58.7% of target (704.29 GB / 1.17 TB), 30881 contracts, 3904248287 storage slots, 3905857608 trie entries
2026/03/21 11:43:47 [Contract] 58.7% of target (704.29 GB / 1.17 TB), 30932 contracts, 3911771896 storage slots, 3913383821 trie entries
2026/03/21 11:44:07 [Contract] 58.7% of target (704.29 GB / 1.17 TB), 30984 contracts, 3918956907 storage slots, 3920571529 trie entries
2026/03/21 11:44:28 [Contract] 59.6% of target (714.63 GB / 1.17 TB), 31033 contracts, 3925040736 storage slots, 3926657856 trie entries
2026/03/21 11:44:49 [Contract] 59.6% of target (714.63 GB / 1.17 TB), 31096 contracts, 3931589165 storage slots, 3933209524 trie entries
2026/03/21 11:45:09 [Contract] 59.6% of target (714.63 GB / 1.17 TB), 31168 contracts, 3939968650 storage slots, 3941592849 trie entries
2026/03/21 11:45:30 [Contract] 59.6% of target (714.63 GB / 1.17 TB), 31215 contracts, 3946315925 storage slots, 3947942505 trie entries
2026/03/21 11:45:51 [Contract] 59.6% of target (714.63 GB / 1.17 TB), 31270 contracts, 3954641591 storage slots, 3956271009 trie entries
2026/03/21 11:46:11 [Contract] 59.6% of target (714.63 GB / 1.17 TB), 31315 contracts, 3960917824 storage slots, 3962549521 trie entries
2026/03/21 11:46:32 [Contract] 59.6% of target (714.63 GB / 1.17 TB), 31365 contracts, 3967262790 storage slots, 3968897190 trie entries
2026/03/21 11:46:52 [Contract] 59.6% of target (714.63 GB / 1.17 TB), 31426 contracts, 3974190275 storage slots, 3975827829 trie entries
2026/03/21 11:47:13 [Contract] 59.6% of target (714.63 GB / 1.17 TB), 31488 contracts, 3981900780 storage slots, 3983541507 trie entries
2026/03/21 11:47:33 [Contract] 60.4% of target (724.68 GB / 1.17 TB), 31543 contracts, 3989388311 storage slots, 3991031776 trie entries
2026/03/21 11:47:54 [Contract] 60.4% of target (724.68 GB / 1.17 TB), 31595 contracts, 3995651511 storage slots, 3997297662 trie entries
2026/03/21 11:48:15 [Contract] 60.4% of target (724.68 GB / 1.17 TB), 31657 contracts, 4003043337 storage slots, 4004692669 trie entries
2026/03/21 11:48:36 [Contract] 60.4% of target (724.68 GB / 1.17 TB), 31721 contracts, 4010202363 storage slots, 4011854960 trie entries
2026/03/21 11:48:57 [Contract] 60.4% of target (724.68 GB / 1.17 TB), 31781 contracts, 4017612893 storage slots, 4019268502 trie entries
2026/03/21 11:49:17 [Contract] 60.4% of target (724.68 GB / 1.17 TB), 31838 contracts, 4023597573 storage slots, 4025256139 trie entries
2026/03/21 11:49:37 [Contract] 60.4% of target (724.68 GB / 1.17 TB), 31905 contracts, 4031309491 storage slots, 4032971612 trie entries
2026/03/21 11:49:57 [Contract] 60.4% of target (724.68 GB / 1.17 TB), 31964 contracts, 4038182863 storage slots, 4039848041 trie entries
2026/03/21 11:50:18 [Contract] 61.5% of target (737.55 GB / 1.17 TB), 32011 contracts, 4044881486 storage slots, 4046549215 trie entries
2026/03/21 11:50:39 [Contract] 61.5% of target (737.55 GB / 1.17 TB), 32061 contracts, 4051702169 storage slots, 4053372598 trie entries
2026/03/21 11:51:00 [Contract] 61.5% of target (737.55 GB / 1.17 TB), 32115 contracts, 4058477092 storage slots, 4060150288 trie entries
2026/03/21 11:51:21 [Contract] 61.5% of target (737.55 GB / 1.17 TB), 32168 contracts, 4065847337 storage slots, 4067523376 trie entries
2026/03/21 11:51:41 [Contract] 61.5% of target (737.55 GB / 1.17 TB), 32224 contracts, 4073485706 storage slots, 4075164685 trie entries
2026/03/21 11:52:02 [Contract] 61.5% of target (737.55 GB / 1.17 TB), 32275 contracts, 4079027912 storage slots, 4080709514 trie entries
2026/03/21 11:52:22 [Contract] 61.5% of target (737.55 GB / 1.17 TB), 32348 contracts, 4086032910 storage slots, 4087718313 trie entries
2026/03/21 11:52:42 [Contract] 61.5% of target (737.55 GB / 1.17 TB), 32399 contracts, 4093599725 storage slots, 4095287803 trie entries
2026/03/21 11:53:02 [Contract] 61.5% of target (737.55 GB / 1.17 TB), 32455 contracts, 4100854737 storage slots, 4102545763 trie entries
2026/03/21 11:53:23 [Contract] 62.2% of target (746.49 GB / 1.17 TB), 32504 contracts, 4107634037 storage slots, 4109327526 trie entries
2026/03/21 11:53:43 [Contract] 62.2% of target (746.49 GB / 1.17 TB), 32553 contracts, 4113123731 storage slots, 4114819808 trie entries
2026/03/21 11:54:04 [Contract] 62.2% of target (746.49 GB / 1.17 TB), 32612 contracts, 4120731140 storage slots, 4122430279 trie entries
2026/03/21 11:54:24 [Contract] 62.2% of target (746.49 GB / 1.17 TB), 32666 contracts, 4127477933 storage slots, 4129179935 trie entries
2026/03/21 11:54:45 [Contract] 62.2% of target (746.49 GB / 1.17 TB), 32710 contracts, 4133475678 storage slots, 4135180026 trie entries
2026/03/21 11:55:06 [Contract] 62.2% of target (746.49 GB / 1.17 TB), 32765 contracts, 4138875369 storage slots, 4140582515 trie entries
2026/03/21 11:55:26 [Contract] 62.2% of target (746.49 GB / 1.17 TB), 32824 contracts, 4146597033 storage slots, 4148307121 trie entries
2026/03/21 11:55:47 [Contract] 62.2% of target (746.49 GB / 1.17 TB), 32877 contracts, 4153864640 storage slots, 4155577540 trie entries
2026/03/21 11:56:07 [Contract] 62.2% of target (746.49 GB / 1.17 TB), 32931 contracts, 4159360902 storage slots, 4161076690 trie entries
2026/03/21 11:56:27 [Contract] 62.2% of target (746.49 GB / 1.17 TB), 32991 contracts, 4166675220 storage slots, 4168394061 trie entries
2026/03/21 11:56:48 [Contract] 62.2% of target (746.49 GB / 1.17 TB), 33038 contracts, 4173836975 storage slots, 4175558244 trie entries
2026/03/21 11:57:10 [Contract] 62.2% of target (746.49 GB / 1.17 TB), 33091 contracts, 4180386675 storage slots, 4182110721 trie entries
2026/03/21 11:57:31 [Contract] 62.2% of target (746.49 GB / 1.17 TB), 33159 contracts, 4189050881 storage slots, 4190778680 trie entries
2026/03/21 11:57:51 [Contract] 62.2% of target (746.49 GB / 1.17 TB), 33213 contracts, 4195860888 storage slots, 4197591540 trie entries
2026/03/21 11:58:12 [Contract] 62.2% of target (746.49 GB / 1.17 TB), 33273 contracts, 4203168703 storage slots, 4204902447 trie entries
2026/03/21 11:58:33 [Contract] 62.2% of target (746.49 GB / 1.17 TB), 33328 contracts, 4209785681 storage slots, 4211522279 trie entries
2026/03/21 11:58:53 [Contract] 62.2% of target (746.49 GB / 1.17 TB), 33380 contracts, 4217439382 storage slots, 4219178609 trie entries
2026/03/21 11:59:14 [Contract] 62.2% of target (746.49 GB / 1.17 TB), 33427 contracts, 4222995679 storage slots, 4224737401 trie entries
2026/03/21 11:59:35 [Contract] 62.2% of target (746.49 GB / 1.17 TB), 33488 contracts, 4231534009 storage slots, 4233278952 trie entries
2026/03/21 11:59:56 [Contract] 64.2% of target (769.91 GB / 1.17 TB), 33536 contracts, 4237962909 storage slots, 4239710488 trie entries
2026/03/21 12:00:16 [Contract] 64.2% of target (769.91 GB / 1.17 TB), 33588 contracts, 4245167159 storage slots, 4246917439 trie entries
2026/03/21 12:00:36 [Contract] 64.2% of target (769.91 GB / 1.17 TB), 33643 contracts, 4251342443 storage slots, 4253095608 trie entries
2026/03/21 12:00:57 [Contract] 64.2% of target (769.91 GB / 1.17 TB), 33698 contracts, 4258717521 storage slots, 4260473509 trie entries
2026/03/21 12:01:17 [Contract] 64.2% of target (769.91 GB / 1.17 TB), 33754 contracts, 4266393304 storage slots, 4268152298 trie entries
2026/03/21 12:01:37 [Contract] 64.2% of target (769.91 GB / 1.17 TB), 33804 contracts, 4272278225 storage slots, 4274039871 trie entries
2026/03/21 12:01:57 [Contract] 64.2% of target (769.91 GB / 1.17 TB), 33872 contracts, 4279406148 storage slots, 4281171279 trie entries
2026/03/21 12:02:20 [Contract] 64.2% of target (769.91 GB / 1.17 TB), 33929 contracts, 4287020780 storage slots, 4288788889 trie entries
2026/03/21 12:02:41 [Contract] 64.2% of target (769.91 GB / 1.17 TB), 33986 contracts, 4294789426 storage slots, 4296560445 trie entries
2026/03/21 12:03:01 [Contract] 65.2% of target (781.83 GB / 1.17 TB), 34037 contracts, 4301311411 storage slots, 4303085012 trie entries
2026/03/21 12:03:22 [Contract] 65.2% of target (781.83 GB / 1.17 TB), 34092 contracts, 4307166087 storage slots, 4308942577 trie entries
2026/03/21 12:03:44 [Contract] 65.2% of target (781.83 GB / 1.17 TB), 34162 contracts, 4315245432 storage slots, 4317025515 trie entries
2026/03/21 12:04:04 [Contract] 65.2% of target (781.83 GB / 1.17 TB), 34222 contracts, 4322388258 storage slots, 4324171381 trie entries
2026/03/21 12:04:25 [Contract] 65.2% of target (781.83 GB / 1.17 TB), 34280 contracts, 4328902570 storage slots, 4330688646 trie entries
2026/03/21 12:04:45 [Contract] 65.2% of target (781.83 GB / 1.17 TB), 34341 contracts, 4336312654 storage slots, 4338101887 trie entries
2026/03/21 12:05:05 [Contract] 65.2% of target (781.83 GB / 1.17 TB), 34393 contracts, 4343534151 storage slots, 4345326063 trie entries
2026/03/21 12:05:26 [Contract] 65.2% of target (781.83 GB / 1.17 TB), 34448 contracts, 4349937792 storage slots, 4351732517 trie entries
2026/03/21 12:05:48 [Contract] 65.2% of target (781.83 GB / 1.17 TB), 34507 contracts, 4358552635 storage slots, 4360350360 trie entries
2026/03/21 12:06:09 [Contract] 65.2% of target (781.83 GB / 1.17 TB), 34555 contracts, 4364543443 storage slots, 4366343619 trie entries
2026/03/21 12:06:30 [Contract] 65.2% of target (781.83 GB / 1.17 TB), 34608 contracts, 4371812795 storage slots, 4373615641 trie entries
2026/03/21 12:06:51 [Contract] 65.2% of target (781.83 GB / 1.17 TB), 34662 contracts, 4378808257 storage slots, 4380613878 trie entries
2026/03/21 12:07:11 [Contract] 65.2% of target (781.83 GB / 1.17 TB), 34716 contracts, 4385167670 storage slots, 4386976109 trie entries
2026/03/21 12:07:31 [Contract] 65.2% of target (781.83 GB / 1.17 TB), 34767 contracts, 4392416322 storage slots, 4394227389 trie entries
2026/03/21 12:07:52 [Contract] 65.2% of target (781.83 GB / 1.17 TB), 34815 contracts, 4398730333 storage slots, 4400543878 trie entries
2026/03/21 12:08:13 [Contract] 65.2% of target (781.83 GB / 1.17 TB), 34860 contracts, 4404679526 storage slots, 4406495306 trie entries
2026/03/21 12:08:34 [Contract] 65.2% of target (781.83 GB / 1.17 TB), 34917 contracts, 4411816794 storage slots, 4413635470 trie entries
2026/03/21 12:08:55 [Contract] 65.2% of target (781.83 GB / 1.17 TB), 34970 contracts, 4419030680 storage slots, 4420852057 trie entries
2026/03/21 12:09:15 [Contract] 65.2% of target (781.83 GB / 1.17 TB), 35022 contracts, 4425828077 storage slots, 4427652199 trie entries
2026/03/21 12:09:36 [Contract] 65.2% of target (781.83 GB / 1.17 TB), 35061 contracts, 4432674440 storage slots, 4434500726 trie entries
2026/03/21 12:09:56 [Contract] 65.2% of target (781.83 GB / 1.17 TB), 35113 contracts, 4439416842 storage slots, 4441245959 trie entries
2026/03/21 12:10:17 [Contract] 65.2% of target (781.83 GB / 1.17 TB), 35157 contracts, 4446248459 storage slots, 4448079873 trie entries
2026/03/21 12:10:38 [Contract] 65.2% of target (781.83 GB / 1.17 TB), 35210 contracts, 4452314949 storage slots, 4454149056 trie entries
2026/03/21 12:10:58 [Contract] 65.2% of target (781.83 GB / 1.17 TB), 35257 contracts, 4459474645 storage slots, 4461311174 trie entries
2026/03/21 12:11:18 [Contract] 65.2% of target (781.83 GB / 1.17 TB), 35306 contracts, 4466349340 storage slots, 4468188465 trie entries
2026/03/21 12:11:39 [Contract] 65.2% of target (781.83 GB / 1.17 TB), 35359 contracts, 4472343757 storage slots, 4474185751 trie entries
2026/03/21 12:11:59 [Contract] 65.2% of target (781.83 GB / 1.17 TB), 35425 contracts, 4479381696 storage slots, 4481227234 trie entries
2026/03/21 12:12:21 [Contract] 65.2% of target (781.83 GB / 1.17 TB), 35488 contracts, 4487217369 storage slots, 4489066089 trie entries
2026/03/21 12:12:41 [Contract] 68.0% of target (815.41 GB / 1.17 TB), 35540 contracts, 4493474773 storage slots, 4495326122 trie entries
2026/03/21 12:13:02 [Contract] 68.0% of target (815.41 GB / 1.17 TB), 35602 contracts, 4500691043 storage slots, 4502545489 trie entries
2026/03/21 12:13:22 [Contract] 68.0% of target (815.41 GB / 1.17 TB), 35654 contracts, 4507166197 storage slots, 4509023297 trie entries
2026/03/21 12:13:42 [Contract] 68.0% of target (815.41 GB / 1.17 TB), 35703 contracts, 4513518205 storage slots, 4515377857 trie entries
2026/03/21 12:14:02 [Contract] 68.0% of target (815.41 GB / 1.17 TB), 35761 contracts, 4519420956 storage slots, 4521283681 trie entries
2026/03/21 12:14:23 [Contract] 68.0% of target (815.41 GB / 1.17 TB), 35814 contracts, 4526965340 storage slots, 4528830726 trie entries
2026/03/21 12:14:43 [Contract] 68.0% of target (815.41 GB / 1.17 TB), 35869 contracts, 4534598445 storage slots, 4536466716 trie entries
2026/03/21 12:15:05 [Contract] 68.0% of target (815.41 GB / 1.17 TB), 35925 contracts, 4540617784 storage slots, 4542488993 trie entries
2026/03/21 12:15:25 [Contract] 68.0% of target (815.41 GB / 1.17 TB), 35988 contracts, 4547818044 storage slots, 4549692475 trie entries
2026/03/21 12:15:45 [Contract] 69.0% of target (828.16 GB / 1.17 TB), 36036 contracts, 4553867652 storage slots, 4555744514 trie entries
2026/03/21 12:16:05 [Contract] 69.0% of target (828.16 GB / 1.17 TB), 36085 contracts, 4559676057 storage slots, 4561555519 trie entries
2026/03/21 12:16:26 [Contract] 69.0% of target (828.16 GB / 1.17 TB), 36134 contracts, 4566833753 storage slots, 4568715639 trie entries
2026/03/21 12:16:47 [Contract] 69.0% of target (828.16 GB / 1.17 TB), 36190 contracts, 4573174270 storage slots, 4575059014 trie entries
2026/03/21 12:17:07 [Contract] 69.0% of target (828.16 GB / 1.17 TB), 36250 contracts, 4580538324 storage slots, 4582426265 trie entries
2026/03/21 12:17:28 [Contract] 69.0% of target (828.16 GB / 1.17 TB), 36300 contracts, 4586772414 storage slots, 4588662981 trie entries
2026/03/21 12:17:48 [Contract] 69.0% of target (828.16 GB / 1.17 TB), 36357 contracts, 4593487942 storage slots, 4595381428 trie entries
2026/03/21 12:18:09 [Contract] 69.0% of target (828.16 GB / 1.17 TB), 36413 contracts, 4600797970 storage slots, 4602694384 trie entries
2026/03/21 12:18:30 [Contract] 69.0% of target (828.16 GB / 1.17 TB), 36466 contracts, 4606682355 storage slots, 4608581598 trie entries
2026/03/21 12:18:50 [Contract] 69.0% of target (828.16 GB / 1.17 TB), 36524 contracts, 4614133942 storage slots, 4616036315 trie entries
2026/03/21 12:19:10 [Contract] 69.0% of target (828.16 GB / 1.17 TB), 36574 contracts, 4620505358 storage slots, 4622410324 trie entries
2026/03/21 12:19:32 [Contract] 69.0% of target (828.16 GB / 1.17 TB), 36622 contracts, 4627628129 storage slots, 4629535716 trie entries
2026/03/21 12:19:52 [Contract] 69.0% of target (828.16 GB / 1.17 TB), 36669 contracts, 4633901764 storage slots, 4635811819 trie entries
2026/03/21 12:20:12 [Contract] 69.0% of target (828.16 GB / 1.17 TB), 36721 contracts, 4640208220 storage slots, 4642120934 trie entries
2026/03/21 12:20:33 [Contract] 69.0% of target (828.16 GB / 1.17 TB), 36784 contracts, 4647002302 storage slots, 4648918384 trie entries
2026/03/21 12:20:53 [Contract] 69.0% of target (828.16 GB / 1.17 TB), 36840 contracts, 4653965414 storage slots, 4655884421 trie entries
2026/03/21 12:21:15 [Contract] 69.0% of target (828.16 GB / 1.17 TB), 36896 contracts, 4660564924 storage slots, 4662486732 trie entries
2026/03/21 12:21:35 [Contract] 69.0% of target (828.16 GB / 1.17 TB), 36952 contracts, 4667159193 storage slots, 4669083764 trie entries
2026/03/21 12:21:57 [Contract] 69.0% of target (828.16 GB / 1.17 TB), 37010 contracts, 4674892688 storage slots, 4676820284 trie entries
2026/03/21 12:22:18 [Contract] 69.0% of target (828.16 GB / 1.17 TB), 37062 contracts, 4681674739 storage slots, 4683605238 trie entries
2026/03/21 12:22:38 [Contract] 69.0% of target (828.16 GB / 1.17 TB), 37117 contracts, 4687833962 storage slots, 4689767269 trie entries
2026/03/21 12:22:58 [Contract] 69.0% of target (828.16 GB / 1.17 TB), 37166 contracts, 4694657870 storage slots, 4696593785 trie entries
2026/03/21 12:23:20 [Contract] 69.0% of target (828.16 GB / 1.17 TB), 37222 contracts, 4702264392 storage slots, 4704203235 trie entries
2026/03/21 12:23:41 [Contract] 69.0% of target (828.16 GB / 1.17 TB), 37274 contracts, 4708454933 storage slots, 4710396543 trie entries
2026/03/21 12:24:03 [Contract] 69.0% of target (828.16 GB / 1.17 TB), 37325 contracts, 4715665104 storage slots, 4717609332 trie entries
2026/03/21 12:24:24 [Contract] 69.0% of target (828.16 GB / 1.17 TB), 37379 contracts, 4723142967 storage slots, 4725089921 trie entries
2026/03/21 12:24:44 [Contract] 69.0% of target (828.16 GB / 1.17 TB), 37419 contracts, 4729255277 storage slots, 4731204331 trie entries
2026/03/21 12:25:05 [Contract] 69.0% of target (828.16 GB / 1.17 TB), 37473 contracts, 4736135361 storage slots, 4738087211 trie entries
2026/03/21 12:25:26 [Contract] 71.8% of target (861.47 GB / 1.17 TB), 37520 contracts, 4742940711 storage slots, 4744894937 trie entries
2026/03/21 12:25:47 [Contract] 71.8% of target (861.47 GB / 1.17 TB), 37573 contracts, 4749160174 storage slots, 4751117342 trie entries
2026/03/21 12:26:08 [Contract] 71.8% of target (861.47 GB / 1.17 TB), 37615 contracts, 4756529305 storage slots, 4758488683 trie entries
2026/03/21 12:26:28 [Contract] 71.8% of target (861.47 GB / 1.17 TB), 37672 contracts, 4763851511 storage slots, 4765813865 trie entries
2026/03/21 12:26:49 [Contract] 71.8% of target (861.47 GB / 1.17 TB), 37722 contracts, 4770152405 storage slots, 4772117369 trie entries
2026/03/21 12:27:09 [Contract] 71.8% of target (861.47 GB / 1.17 TB), 37772 contracts, 4777122702 storage slots, 4779090252 trie entries
2026/03/21 12:27:30 [Contract] 71.8% of target (861.47 GB / 1.17 TB), 37824 contracts, 4783900962 storage slots, 4785871255 trie entries
2026/03/21 12:27:50 [Contract] 71.8% of target (861.47 GB / 1.17 TB), 37876 contracts, 4790288268 storage slots, 4792261314 trie entries
2026/03/21 12:28:10 [Contract] 71.8% of target (861.47 GB / 1.17 TB), 37917 contracts, 4797558082 storage slots, 4799533288 trie entries
2026/03/21 12:28:30 [Contract] 71.8% of target (861.47 GB / 1.17 TB), 37969 contracts, 4803222955 storage slots, 4805200789 trie entries
2026/03/21 12:28:50 [Contract] 73.0% of target (876.00 GB / 1.17 TB), 38019 contracts, 4810444790 storage slots, 4812425165 trie entries
2026/03/21 12:29:12 [Contract] 73.0% of target (876.00 GB / 1.17 TB), 38064 contracts, 4816274507 storage slots, 4818257242 trie entries
2026/03/21 12:29:33 [Contract] 73.0% of target (876.00 GB / 1.17 TB), 38125 contracts, 4823635254 storage slots, 4825621160 trie entries
2026/03/21 12:29:53 [Contract] 73.0% of target (876.00 GB / 1.17 TB), 38177 contracts, 4830576500 storage slots, 4832565146 trie entries
2026/03/21 12:30:14 [Contract] 73.0% of target (876.00 GB / 1.17 TB), 38232 contracts, 4836020417 storage slots, 4838011948 trie entries
2026/03/21 12:30:35 [Contract] 73.0% of target (876.00 GB / 1.17 TB), 38291 contracts, 4843570026 storage slots, 4845564604 trie entries
2026/03/21 12:30:56 [Contract] 73.0% of target (876.00 GB / 1.17 TB), 38336 contracts, 4850839524 storage slots, 4852836439 trie entries
2026/03/21 12:31:17 [Contract] 73.0% of target (876.00 GB / 1.17 TB), 38389 contracts, 4857154653 storage slots, 4859154228 trie entries
2026/03/21 12:31:38 [Contract] 73.0% of target (876.00 GB / 1.17 TB), 38449 contracts, 4864184057 storage slots, 4866186674 trie entries
2026/03/21 12:32:00 [Contract] 73.0% of target (876.00 GB / 1.17 TB), 38500 contracts, 4871804721 storage slots, 4873809974 trie entries
2026/03/21 12:32:20 [Contract] 73.9% of target (886.38 GB / 1.17 TB), 38548 contracts, 4878874255 storage slots, 4880882055 trie entries
2026/03/21 12:32:40 [Contract] 73.9% of target (886.38 GB / 1.17 TB), 38589 contracts, 4884048214 storage slots, 4886058180 trie entries
2026/03/21 12:33:00 [Contract] 73.9% of target (886.38 GB / 1.17 TB), 38652 contracts, 4891224792 storage slots, 4893237950 trie entries
2026/03/21 12:33:20 [Contract] 73.9% of target (886.38 GB / 1.17 TB), 38704 contracts, 4898255149 storage slots, 4900271037 trie entries
2026/03/21 12:33:41 [Contract] 73.9% of target (886.38 GB / 1.17 TB), 38759 contracts, 4904026417 storage slots, 4906045236 trie entries
2026/03/21 12:34:03 [Contract] 73.9% of target (886.38 GB / 1.17 TB), 38818 contracts, 4911683081 storage slots, 4913704935 trie entries
2026/03/21 12:34:23 [Contract] 73.9% of target (886.38 GB / 1.17 TB), 38868 contracts, 4918912542 storage slots, 4920936981 trie entries
2026/03/21 12:34:43 [Contract] 73.9% of target (886.38 GB / 1.17 TB), 38915 contracts, 4925097590 storage slots, 4927124351 trie entries
2026/03/21 12:35:04 [Contract] 73.9% of target (886.38 GB / 1.17 TB), 38961 contracts, 4930740939 storage slots, 4932770071 trie entries
2026/03/21 12:35:24 [Contract] 75.1% of target (900.66 GB / 1.17 TB), 39019 contracts, 4936728909 storage slots, 4938761095 trie entries
2026/03/21 12:35:44 [Contract] 75.1% of target (900.66 GB / 1.17 TB), 39074 contracts, 4944336683 storage slots, 4946371815 trie entries
2026/03/21 12:36:05 [Contract] 75.1% of target (900.66 GB / 1.17 TB), 39133 contracts, 4950429669 storage slots, 4952467850 trie entries
2026/03/21 12:36:25 [Contract] 75.1% of target (900.66 GB / 1.17 TB), 39192 contracts, 4958186013 storage slots, 4960227249 trie entries
2026/03/21 12:36:45 [Contract] 75.1% of target (900.66 GB / 1.17 TB), 39241 contracts, 4963785433 storage slots, 4965829174 trie entries
2026/03/21 12:37:07 [Contract] 75.1% of target (900.66 GB / 1.17 TB), 39300 contracts, 4972530324 storage slots, 4974577214 trie entries
2026/03/21 12:37:29 [Contract] 75.1% of target (900.66 GB / 1.17 TB), 39352 contracts, 4979810173 storage slots, 4981859785 trie entries
2026/03/21 12:37:49 [Contract] 75.1% of target (900.66 GB / 1.17 TB), 39403 contracts, 4985017602 storage slots, 4987069875 trie entries
2026/03/21 12:38:09 [Contract] 75.1% of target (900.66 GB / 1.17 TB), 39471 contracts, 4993227403 storage slots, 4995283253 trie entries
2026/03/21 12:38:29 [Contract] 75.7% of target (908.99 GB / 1.17 TB), 39523 contracts, 4999135642 storage slots, 5001194180 trie entries
2026/03/21 12:38:49 [Contract] 75.7% of target (908.99 GB / 1.17 TB), 39578 contracts, 5006377704 storage slots, 5008439172 trie entries
2026/03/21 12:39:10 [Contract] 75.7% of target (908.99 GB / 1.17 TB), 39622 contracts, 5013625728 storage slots, 5015689383 trie entries
2026/03/21 12:39:32 [Contract] 75.7% of target (908.99 GB / 1.17 TB), 39667 contracts, 5020638010 storage slots, 5022704008 trie entries
2026/03/21 12:39:52 [Contract] 75.7% of target (908.99 GB / 1.17 TB), 39706 contracts, 5026318206 storage slots, 5028386252 trie entries
2026/03/21 12:40:13 [Contract] 75.7% of target (908.99 GB / 1.17 TB), 39748 contracts, 5032180040 storage slots, 5034250291 trie entries
2026/03/21 12:40:34 [Contract] 75.7% of target (908.99 GB / 1.17 TB), 39809 contracts, 5039300274 storage slots, 5041373673 trie entries
2026/03/21 12:40:54 [Contract] 75.7% of target (908.99 GB / 1.17 TB), 39865 contracts, 5045821302 storage slots, 5047897579 trie entries
2026/03/21 12:41:16 [Contract] 75.7% of target (908.99 GB / 1.17 TB), 39925 contracts, 5053367520 storage slots, 5055446995 trie entries
2026/03/21 12:41:37 [Contract] 75.7% of target (908.99 GB / 1.17 TB), 39981 contracts, 5059449830 storage slots, 5061532218 trie entries
2026/03/21 12:41:57 [Contract] 75.7% of target (908.99 GB / 1.17 TB), 40032 contracts, 5066817682 storage slots, 5068902642 trie entries
2026/03/21 12:42:17 [Contract] 75.7% of target (908.99 GB / 1.17 TB), 40083 contracts, 5072561515 storage slots, 5074649170 trie entries
2026/03/21 12:42:38 [Contract] 75.7% of target (908.99 GB / 1.17 TB), 40140 contracts, 5079379019 storage slots, 5081469630 trie entries
2026/03/21 12:42:59 [Contract] 75.7% of target (908.99 GB / 1.17 TB), 40193 contracts, 5086707523 storage slots, 5088800910 trie entries
2026/03/21 12:43:19 [Contract] 75.7% of target (908.99 GB / 1.17 TB), 40247 contracts, 5092051703 storage slots, 5094147900 trie entries
2026/03/21 12:43:39 [Contract] 75.7% of target (908.99 GB / 1.17 TB), 40303 contracts, 5099298586 storage slots, 5101397662 trie entries
2026/03/21 12:44:01 [Contract] 75.7% of target (908.99 GB / 1.17 TB), 40353 contracts, 5106585272 storage slots, 5108686917 trie entries
2026/03/21 12:44:22 [Contract] 75.7% of target (908.99 GB / 1.17 TB), 40400 contracts, 5112910934 storage slots, 5115015037 trie entries
2026/03/21 12:44:42 [Contract] 75.7% of target (908.99 GB / 1.17 TB), 40452 contracts, 5119191287 storage slots, 5121298080 trie entries
2026/03/21 12:45:03 [Contract] 77.7% of target (932.76 GB / 1.17 TB), 40515 contracts, 5126052347 storage slots, 5128162372 trie entries
2026/03/21 12:45:23 [Contract] 77.7% of target (932.76 GB / 1.17 TB), 40565 contracts, 5132789570 storage slots, 5134902205 trie entries
2026/03/21 12:45:43 [Contract] 77.7% of target (932.76 GB / 1.17 TB), 40619 contracts, 5139458292 storage slots, 5141573743 trie entries
2026/03/21 12:46:03 [Contract] 77.7% of target (932.76 GB / 1.17 TB), 40665 contracts, 5146041095 storage slots, 5148158975 trie entries
2026/03/21 12:46:24 [Contract] 77.7% of target (932.76 GB / 1.17 TB), 40711 contracts, 5151244817 storage slots, 5153365080 trie entries
2026/03/21 12:46:46 [Contract] 77.7% of target (932.76 GB / 1.17 TB), 40783 contracts, 5158954762 storage slots, 5161078814 trie entries
2026/03/21 12:47:06 [Contract] 77.7% of target (932.76 GB / 1.17 TB), 40845 contracts, 5166368720 storage slots, 5168496063 trie entries
2026/03/21 12:47:27 [Contract] 77.7% of target (932.76 GB / 1.17 TB), 40904 contracts, 5172625397 storage slots, 5174755754 trie entries
2026/03/21 12:47:47 [Contract] 77.7% of target (932.76 GB / 1.17 TB), 40959 contracts, 5180097306 storage slots, 5182230496 trie entries
2026/03/21 12:48:08 [Contract] 78.6% of target (943.54 GB / 1.17 TB), 41006 contracts, 5186504866 storage slots, 5188640503 trie entries
2026/03/21 12:48:28 [Contract] 78.6% of target (943.54 GB / 1.17 TB), 41053 contracts, 5191898664 storage slots, 5194036678 trie entries
2026/03/21 12:48:48 [Contract] 78.6% of target (943.54 GB / 1.17 TB), 41113 contracts, 5199636764 storage slots, 5201777937 trie entries
2026/03/21 12:49:09 [Contract] 78.6% of target (943.54 GB / 1.17 TB), 41157 contracts, 5206145585 storage slots, 5208289114 trie entries
2026/03/21 12:49:30 [Contract] 78.6% of target (943.54 GB / 1.17 TB), 41211 contracts, 5212813331 storage slots, 5214959672 trie entries
2026/03/21 12:49:50 [Contract] 78.6% of target (943.54 GB / 1.17 TB), 41266 contracts, 5218692813 storage slots, 5220841962 trie entries
2026/03/21 12:50:11 [Contract] 78.6% of target (943.54 GB / 1.17 TB), 41325 contracts, 5226079721 storage slots, 5228232047 trie entries
2026/03/21 12:50:32 [Contract] 78.6% of target (943.54 GB / 1.17 TB), 41381 contracts, 5232050897 storage slots, 5234206110 trie entries
2026/03/21 12:50:55 [Contract] 78.6% of target (943.54 GB / 1.17 TB), 41437 contracts, 5239686515 storage slots, 5241844547 trie entries
2026/03/21 12:51:15 [Contract] 78.6% of target (943.54 GB / 1.17 TB), 41488 contracts, 5245578571 storage slots, 5247739181 trie entries
2026/03/21 12:51:35 [Contract] 78.6% of target (943.54 GB / 1.17 TB), 41536 contracts, 5252343999 storage slots, 5254507118 trie entries
2026/03/21 12:51:56 [Contract] 78.6% of target (943.54 GB / 1.17 TB), 41581 contracts, 5259104244 storage slots, 5261269814 trie entries
2026/03/21 12:52:16 [Contract] 78.6% of target (943.54 GB / 1.17 TB), 41627 contracts, 5264947820 storage slots, 5267115843 trie entries
2026/03/21 12:52:36 [Contract] 78.6% of target (943.54 GB / 1.17 TB), 41688 contracts, 5271216326 storage slots, 5273387558 trie entries
2026/03/21 12:52:58 [Contract] 78.6% of target (943.54 GB / 1.17 TB), 41744 contracts, 5278604246 storage slots, 5280778437 trie entries
2026/03/21 12:53:18 [Contract] 78.6% of target (943.54 GB / 1.17 TB), 41797 contracts, 5285911355 storage slots, 5288088178 trie entries
2026/03/21 12:53:39 [Contract] 78.6% of target (943.54 GB / 1.17 TB), 41844 contracts, 5291033861 storage slots, 5293213097 trie entries
2026/03/21 12:54:01 [Contract] 78.6% of target (943.54 GB / 1.17 TB), 41906 contracts, 5299496234 storage slots, 5301678818 trie entries
2026/03/21 12:54:21 [Contract] 78.6% of target (943.54 GB / 1.17 TB), 41954 contracts, 5306209503 storage slots, 5308394559 trie entries
2026/03/21 12:54:41 [Contract] 78.6% of target (943.54 GB / 1.17 TB), 42000 contracts, 5312033934 storage slots, 5314221477 trie entries
2026/03/21 12:55:03 [Contract] 80.5% of target (966.34 GB / 1.17 TB), 42060 contracts, 5318138150 storage slots, 5320328846 trie entries
2026/03/21 12:55:23 [Contract] 80.5% of target (966.34 GB / 1.17 TB), 42121 contracts, 5325783502 storage slots, 5327977238 trie entries
2026/03/21 12:55:45 [Contract] 80.5% of target (966.34 GB / 1.17 TB), 42170 contracts, 5332977387 storage slots, 5335173717 trie entries
2026/03/21 12:56:05 [Contract] 80.5% of target (966.34 GB / 1.17 TB), 42221 contracts, 5339520947 storage slots, 5341719895 trie entries
2026/03/21 12:56:25 [Contract] 80.5% of target (966.34 GB / 1.17 TB), 42266 contracts, 5345821866 storage slots, 5348023249 trie entries
2026/03/21 12:56:46 [Contract] 80.5% of target (966.34 GB / 1.17 TB), 42313 contracts, 5351383429 storage slots, 5353587311 trie entries
2026/03/21 12:57:07 [Contract] 80.5% of target (966.34 GB / 1.17 TB), 42373 contracts, 5359190945 storage slots, 5361397896 trie entries
2026/03/21 12:57:27 [Contract] 80.5% of target (966.34 GB / 1.17 TB), 42431 contracts, 5366082379 storage slots, 5368292378 trie entries
2026/03/21 12:57:50 [Contract] 80.5% of target (966.34 GB / 1.17 TB), 42481 contracts, 5372843965 storage slots, 5375056535 trie entries
2026/03/21 12:58:11 [Contract] 80.5% of target (966.34 GB / 1.17 TB), 42530 contracts, 5379239839 storage slots, 5381454955 trie entries
2026/03/21 12:58:32 [Contract] 80.5% of target (966.34 GB / 1.17 TB), 42587 contracts, 5386537926 storage slots, 5388755887 trie entries
2026/03/21 12:58:53 [Contract] 80.5% of target (966.34 GB / 1.17 TB), 42637 contracts, 5392709655 storage slots, 5394930183 trie entries
2026/03/21 12:59:13 [Contract] 80.5% of target (966.34 GB / 1.17 TB), 42690 contracts, 5400167579 storage slots, 5402390893 trie entries
2026/03/21 12:59:33 [Contract] 80.5% of target (966.34 GB / 1.17 TB), 42734 contracts, 5405936098 storage slots, 5408161673 trie entries
2026/03/21 12:59:53 [Contract] 80.5% of target (966.34 GB / 1.17 TB), 42788 contracts, 5412572159 storage slots, 5414800716 trie entries
2026/03/21 13:00:13 [Contract] 80.5% of target (966.34 GB / 1.17 TB), 42842 contracts, 5418801801 storage slots, 5421033147 trie entries
2026/03/21 13:00:35 [Contract] 80.5% of target (966.34 GB / 1.17 TB), 42889 contracts, 5425370303 storage slots, 5427604074 trie entries
2026/03/21 13:00:56 [Contract] 80.5% of target (966.34 GB / 1.17 TB), 42934 contracts, 5431944631 storage slots, 5434180721 trie entries
2026/03/21 13:01:16 [Contract] 80.5% of target (966.34 GB / 1.17 TB), 42977 contracts, 5438308964 storage slots, 5440547252 trie entries
2026/03/21 13:01:36 [Contract] 80.5% of target (966.34 GB / 1.17 TB), 43018 contracts, 5444064049 storage slots, 5446304448 trie entries
2026/03/21 13:01:57 [Contract] 80.5% of target (966.34 GB / 1.17 TB), 43073 contracts, 5450417479 storage slots, 5452660916 trie entries
2026/03/21 13:02:18 [Contract] 80.5% of target (966.34 GB / 1.17 TB), 43129 contracts, 5457572443 storage slots, 5459818766 trie entries
2026/03/21 13:02:38 [Contract] 80.5% of target (966.34 GB / 1.17 TB), 43175 contracts, 5464015153 storage slots, 5466263809 trie entries
2026/03/21 13:02:59 [Contract] 80.5% of target (966.34 GB / 1.17 TB), 43225 contracts, 5470178473 storage slots, 5472429686 trie entries
2026/03/21 13:03:20 [Contract] 80.5% of target (966.34 GB / 1.17 TB), 43281 contracts, 5477258463 storage slots, 5479512575 trie entries
2026/03/21 13:03:40 [Contract] 80.5% of target (966.34 GB / 1.17 TB), 43325 contracts, 5482705531 storage slots, 5484961961 trie entries
2026/03/21 13:04:00 [Contract] 80.5% of target (966.34 GB / 1.17 TB), 43374 contracts, 5489371084 storage slots, 5491630033 trie entries
2026/03/21 13:04:21 [Contract] 80.5% of target (966.34 GB / 1.17 TB), 43433 contracts, 5495091949 storage slots, 5497354011 trie entries
2026/03/21 13:04:41 [Contract] 83.4% of target (1000.73 GB / 1.17 TB), 43501 contracts, 5502645260 storage slots, 5504910838 trie entries
2026/03/21 13:05:02 [Contract] 83.4% of target (1000.73 GB / 1.17 TB), 43557 contracts, 5509482894 storage slots, 5511751499 trie entries
2026/03/21 13:05:22 [Contract] 83.4% of target (1000.73 GB / 1.17 TB), 43607 contracts, 5516179194 storage slots, 5518450286 trie entries
2026/03/21 13:05:43 [Contract] 83.4% of target (1000.73 GB / 1.17 TB), 43649 contracts, 5521680932 storage slots, 5523954243 trie entries
2026/03/21 13:06:04 [Contract] 83.4% of target (1000.73 GB / 1.17 TB), 43699 contracts, 5529068571 storage slots, 5531344441 trie entries
2026/03/21 13:06:25 [Contract] 83.4% of target (1000.73 GB / 1.17 TB), 43743 contracts, 5534213812 storage slots, 5536491944 trie entries
2026/03/21 13:06:45 [Contract] 83.4% of target (1000.73 GB / 1.17 TB), 43805 contracts, 5540557292 storage slots, 5542838409 trie entries
2026/03/21 13:07:06 [Contract] 83.4% of target (1000.73 GB / 1.17 TB), 43867 contracts, 5547853103 storage slots, 5550137398 trie entries
2026/03/21 13:07:26 [Contract] 83.4% of target (1000.73 GB / 1.17 TB), 43918 contracts, 5554232729 storage slots, 5556519677 trie entries
2026/03/21 13:07:47 [Contract] 83.4% of target (1000.73 GB / 1.17 TB), 43962 contracts, 5560433260 storage slots, 5562722402 trie entries
2026/03/21 13:08:07 [Contract] 84.4% of target (1013.12 GB / 1.17 TB), 44023 contracts, 5567066964 storage slots, 5569359254 trie entries
2026/03/21 13:08:29 [Contract] 84.4% of target (1013.12 GB / 1.17 TB), 44080 contracts, 5575080892 storage slots, 5577376134 trie entries
2026/03/21 13:08:49 [Contract] 84.4% of target (1013.12 GB / 1.17 TB), 44132 contracts, 5581514270 storage slots, 5583812210 trie entries
2026/03/21 13:09:10 [Contract] 84.4% of target (1013.12 GB / 1.17 TB), 44187 contracts, 5588485747 storage slots, 5590786480 trie entries
2026/03/21 13:09:30 [Contract] 84.4% of target (1013.12 GB / 1.17 TB), 44241 contracts, 5594886039 storage slots, 5597189655 trie entries
2026/03/21 13:09:50 [Contract] 84.4% of target (1013.12 GB / 1.17 TB), 44297 contracts, 5602348477 storage slots, 5604654931 trie entries
2026/03/21 13:10:11 [Contract] 84.4% of target (1013.12 GB / 1.17 TB), 44350 contracts, 5608225332 storage slots, 5610534553 trie entries
2026/03/21 13:10:33 [Contract] 84.4% of target (1013.12 GB / 1.17 TB), 44418 contracts, 5616037430 storage slots, 5618350264 trie entries
2026/03/21 13:10:54 [Contract] 84.4% of target (1013.12 GB / 1.17 TB), 44474 contracts, 5623086597 storage slots, 5625402287 trie entries
2026/03/21 13:11:15 [Contract] 84.4% of target (1013.12 GB / 1.17 TB), 44522 contracts, 5629597471 storage slots, 5631915720 trie entries
2026/03/21 13:11:36 [Contract] 84.4% of target (1013.12 GB / 1.17 TB), 44579 contracts, 5635889648 storage slots, 5638210852 trie entries
2026/03/21 13:11:57 [Contract] 84.4% of target (1013.12 GB / 1.17 TB), 44640 contracts, 5643151493 storage slots, 5645475917 trie entries
2026/03/21 13:12:17 [Contract] 84.4% of target (1013.12 GB / 1.17 TB), 44689 contracts, 5649839150 storage slots, 5652166102 trie entries
2026/03/21 13:12:37 [Contract] 84.4% of target (1013.12 GB / 1.17 TB), 44728 contracts, 5654798610 storage slots, 5657127547 trie entries
2026/03/21 13:12:57 [Contract] 84.4% of target (1013.12 GB / 1.17 TB), 44788 contracts, 5661362349 storage slots, 5663694342 trie entries
2026/03/21 13:13:18 [Contract] 84.4% of target (1013.12 GB / 1.17 TB), 44844 contracts, 5668406593 storage slots, 5670741529 trie entries
2026/03/21 13:13:38 [Contract] 84.4% of target (1013.12 GB / 1.17 TB), 44898 contracts, 5674598957 storage slots, 5676936664 trie entries
2026/03/21 13:13:58 [Contract] 84.4% of target (1013.12 GB / 1.17 TB), 44952 contracts, 5680275486 storage slots, 5682616024 trie entries
2026/03/21 13:14:20 [Contract] 86.3% of target (1.01 TB / 1.17 TB), 45017 contracts, 5687281614 storage slots, 5689625441 trie entries
2026/03/21 13:14:40 [Contract] 86.3% of target (1.01 TB / 1.17 TB), 45061 contracts, 5694056548 storage slots, 5696402553 trie entries
2026/03/21 13:15:03 [Contract] 86.3% of target (1.01 TB / 1.17 TB), 45111 contracts, 5700865837 storage slots, 5703214428 trie entries
2026/03/21 13:15:23 [Contract] 86.3% of target (1.01 TB / 1.17 TB), 45157 contracts, 5706495712 storage slots, 5708846640 trie entries
2026/03/21 13:15:45 [Contract] 86.3% of target (1.01 TB / 1.17 TB), 45209 contracts, 5713518644 storage slots, 5715872219 trie entries
2026/03/21 13:16:05 [Contract] 86.3% of target (1.01 TB / 1.17 TB), 45262 contracts, 5719762464 storage slots, 5722118823 trie entries
2026/03/21 13:16:28 [Contract] 86.3% of target (1.01 TB / 1.17 TB), 45321 contracts, 5727114722 storage slots, 5729474200 trie entries
2026/03/21 13:16:49 [Contract] 86.3% of target (1.01 TB / 1.17 TB), 45376 contracts, 5733364435 storage slots, 5735726792 trie entries
2026/03/21 13:17:10 [Contract] 86.3% of target (1.01 TB / 1.17 TB), 45433 contracts, 5740511502 storage slots, 5742876803 trie entries
2026/03/21 13:17:31 [Contract] 86.3% of target (1.01 TB / 1.17 TB), 45482 contracts, 5745976178 storage slots, 5748344148 trie entries
2026/03/21 13:17:51 [Contract] 87.1% of target (1.02 TB / 1.17 TB), 45533 contracts, 5753584914 storage slots, 5755955557 trie entries
2026/03/21 13:18:11 [Contract] 87.1% of target (1.02 TB / 1.17 TB), 45572 contracts, 5760159301 storage slots, 5762532024 trie entries
2026/03/21 13:18:31 [Contract] 87.1% of target (1.02 TB / 1.17 TB), 45615 contracts, 5764845481 storage slots, 5767220433 trie entries
2026/03/21 13:18:51 [Contract] 87.1% of target (1.02 TB / 1.17 TB), 45671 contracts, 5771785414 storage slots, 5774163315 trie entries
2026/03/21 13:19:13 [Contract] 87.1% of target (1.02 TB / 1.17 TB), 45715 contracts, 5778432621 storage slots, 5780812837 trie entries
2026/03/21 13:19:33 [Contract] 87.1% of target (1.02 TB / 1.17 TB), 45766 contracts, 5785327136 storage slots, 5787709769 trie entries
2026/03/21 13:19:55 [Contract] 87.1% of target (1.02 TB / 1.17 TB), 45812 contracts, 5792053064 storage slots, 5794438078 trie entries
2026/03/21 13:20:16 [Contract] 87.1% of target (1.02 TB / 1.17 TB), 45864 contracts, 5797325746 storage slots, 5799713493 trie entries
2026/03/21 13:20:36 [Contract] 87.1% of target (1.02 TB / 1.17 TB), 45935 contracts, 5804950308 storage slots, 5807341702 trie entries
2026/03/21 13:20:57 [Contract] 87.1% of target (1.02 TB / 1.17 TB), 45992 contracts, 5812190635 storage slots, 5814584793 trie entries
2026/03/21 13:21:17 [Contract] 88.3% of target (1.03 TB / 1.17 TB), 46046 contracts, 5818411898 storage slots, 5820808877 trie entries
2026/03/21 13:21:38 [Contract] 88.3% of target (1.03 TB / 1.17 TB), 46100 contracts, 5824788421 storage slots, 5827188370 trie entries
2026/03/21 13:21:59 [Contract] 88.3% of target (1.03 TB / 1.17 TB), 46156 contracts, 5831950117 storage slots, 5834353086 trie entries
2026/03/21 13:22:21 [Contract] 88.3% of target (1.03 TB / 1.17 TB), 46207 contracts, 5839166829 storage slots, 5841572624 trie entries
2026/03/21 13:22:42 [Contract] 88.3% of target (1.03 TB / 1.17 TB), 46254 contracts, 5844867504 storage slots, 5847275840 trie entries
2026/03/21 13:23:05 [Contract] 88.3% of target (1.03 TB / 1.17 TB), 46309 contracts, 5853137840 storage slots, 5855548987 trie entries
2026/03/21 13:23:26 [Contract] 88.3% of target (1.03 TB / 1.17 TB), 46359 contracts, 5860234667 storage slots, 5862648369 trie entries
2026/03/21 13:23:46 [Contract] 88.3% of target (1.03 TB / 1.17 TB), 46405 contracts, 5866477299 storage slots, 5868893293 trie entries
2026/03/21 13:24:06 [Contract] 88.3% of target (1.03 TB / 1.17 TB), 46447 contracts, 5871720286 storage slots, 5874138465 trie entries
2026/03/21 13:24:27 [Contract] 89.1% of target (1.04 TB / 1.17 TB), 46503 contracts, 5878595867 storage slots, 5881016933 trie entries
2026/03/21 13:24:47 [Contract] 89.1% of target (1.04 TB / 1.17 TB), 46563 contracts, 5885433826 storage slots, 5887857961 trie entries
2026/03/21 13:25:08 [Contract] 89.1% of target (1.04 TB / 1.17 TB), 46623 contracts, 5892689649 storage slots, 5895116836 trie entries
2026/03/21 13:25:28 [Contract] 89.1% of target (1.04 TB / 1.17 TB), 46675 contracts, 5899724498 storage slots, 5902154436 trie entries
2026/03/21 13:25:48 [Contract] 89.1% of target (1.04 TB / 1.17 TB), 46724 contracts, 5904935552 storage slots, 5907368136 trie entries
2026/03/21 13:26:09 [Contract] 89.1% of target (1.04 TB / 1.17 TB), 46774 contracts, 5911647113 storage slots, 5914082275 trie entries
2026/03/21 13:26:31 [Contract] 89.1% of target (1.04 TB / 1.17 TB), 46817 contracts, 5918891259 storage slots, 5921328636 trie entries
2026/03/21 13:26:51 [Contract] 89.1% of target (1.04 TB / 1.17 TB), 46860 contracts, 5923623551 storage slots, 5926063146 trie entries
2026/03/21 13:27:11 [Contract] 89.1% of target (1.04 TB / 1.17 TB), 46926 contracts, 5931206365 storage slots, 5933649342 trie entries
2026/03/21 13:27:32 [Contract] 89.1% of target (1.04 TB / 1.17 TB), 46975 contracts, 5937592110 storage slots, 5940037612 trie entries
2026/03/21 13:27:52 [Contract] 89.1% of target (1.04 TB / 1.17 TB), 47020 contracts, 5942386007 storage slots, 5944833844 trie entries
2026/03/21 13:28:13 [Contract] 89.1% of target (1.04 TB / 1.17 TB), 47070 contracts, 5950041209 storage slots, 5952491580 trie entries
2026/03/21 13:28:35 [Contract] 89.1% of target (1.04 TB / 1.17 TB), 47122 contracts, 5956642660 storage slots, 5959095669 trie entries
2026/03/21 13:28:55 [Contract] 89.1% of target (1.04 TB / 1.17 TB), 47178 contracts, 5962604028 storage slots, 5965059912 trie entries
2026/03/21 13:29:15 [Contract] 89.1% of target (1.04 TB / 1.17 TB), 47236 contracts, 5969542815 storage slots, 5972001620 trie entries
2026/03/21 13:29:36 [Contract] 89.1% of target (1.04 TB / 1.17 TB), 47287 contracts, 5975531589 storage slots, 5977993074 trie entries
2026/03/21 13:29:56 [Contract] 89.1% of target (1.04 TB / 1.17 TB), 47348 contracts, 5982318085 storage slots, 5984782748 trie entries
2026/03/21 13:30:17 [Contract] 89.1% of target (1.04 TB / 1.17 TB), 47409 contracts, 5989215095 storage slots, 5991683013 trie entries
2026/03/21 13:30:37 [Contract] 89.1% of target (1.04 TB / 1.17 TB), 47463 contracts, 5995884207 storage slots, 5998354898 trie entries
2026/03/21 13:30:58 [Contract] 89.1% of target (1.04 TB / 1.17 TB), 47513 contracts, 6001691274 storage slots, 6004164630 trie entries
2026/03/21 13:31:18 [Contract] 89.1% of target (1.04 TB / 1.17 TB), 47561 contracts, 6008000506 storage slots, 6010476283 trie entries
2026/03/21 13:31:39 [Contract] 89.1% of target (1.04 TB / 1.17 TB), 47616 contracts, 6014589081 storage slots, 6017067684 trie entries
2026/03/21 13:32:00 [Contract] 89.1% of target (1.04 TB / 1.17 TB), 47676 contracts, 6021775559 storage slots, 6024257338 trie entries
2026/03/21 13:32:20 [Contract] 89.1% of target (1.04 TB / 1.17 TB), 47729 contracts, 6027927600 storage slots, 6030412095 trie entries
2026/03/21 13:32:41 [Contract] 89.1% of target (1.04 TB / 1.17 TB), 47789 contracts, 6034585932 storage slots, 6037073628 trie entries
2026/03/21 13:33:02 [Contract] 89.1% of target (1.04 TB / 1.17 TB), 47845 contracts, 6041562190 storage slots, 6044052791 trie entries
2026/03/21 13:33:22 [Contract] 89.1% of target (1.04 TB / 1.17 TB), 47897 contracts, 6047840843 storage slots, 6050334171 trie entries
2026/03/21 13:33:42 [Contract] 89.1% of target (1.04 TB / 1.17 TB), 47951 contracts, 6054071537 storage slots, 6056567750 trie entries
2026/03/21 13:34:02 [Contract] 89.1% of target (1.04 TB / 1.17 TB), 48004 contracts, 6059388087 storage slots, 6061887008 trie entries
2026/03/21 13:34:23 [Contract] 89.1% of target (1.04 TB / 1.17 TB), 48054 contracts, 6066739775 storage slots, 6069241367 trie entries
2026/03/21 13:34:43 [Contract] 89.1% of target (1.04 TB / 1.17 TB), 48105 contracts, 6072642678 storage slots, 6075146858 trie entries
2026/03/21 13:35:05 [Contract] 89.1% of target (1.04 TB / 1.17 TB), 48158 contracts, 6079287056 storage slots, 6081793999 trie entries
2026/03/21 13:35:28 [Contract] 89.1% of target (1.04 TB / 1.17 TB), 48210 contracts, 6086663131 storage slots, 6089172809 trie entries
2026/03/21 13:35:50 [Contract] 89.1% of target (1.04 TB / 1.17 TB), 48255 contracts, 6093909401 storage slots, 6096421381 trie entries
2026/03/21 13:36:11 [Contract] 89.1% of target (1.04 TB / 1.17 TB), 48299 contracts, 6098855368 storage slots, 6101369643 trie entries
2026/03/21 13:36:31 [Contract] 89.1% of target (1.04 TB / 1.17 TB), 48366 contracts, 6105994058 storage slots, 6108511941 trie entries
2026/03/21 13:36:53 [Contract] 89.1% of target (1.04 TB / 1.17 TB), 48428 contracts, 6112832709 storage slots, 6115353846 trie entries
2026/03/21 13:37:14 [Contract] 89.1% of target (1.04 TB / 1.17 TB), 48489 contracts, 6120114896 storage slots, 6122639169 trie entries
2026/03/21 13:37:34 [Contract] 89.1% of target (1.04 TB / 1.17 TB), 48532 contracts, 6127320414 storage slots, 6129846966 trie entries
2026/03/21 13:37:54 [Contract] 89.1% of target (1.04 TB / 1.17 TB), 48576 contracts, 6132336090 storage slots, 6134864932 trie entries
2026/03/21 13:38:15 [Contract] 89.1% of target (1.04 TB / 1.17 TB), 48637 contracts, 6140238160 storage slots, 6142770216 trie entries
2026/03/21 13:38:35 [Contract] 89.1% of target (1.04 TB / 1.17 TB), 48684 contracts, 6146078171 storage slots, 6148612643 trie entries
2026/03/21 13:38:55 [Contract] 89.1% of target (1.04 TB / 1.17 TB), 48729 contracts, 6153452129 storage slots, 6155988955 trie entries
2026/03/21 13:39:15 [Contract] 89.1% of target (1.04 TB / 1.17 TB), 48774 contracts, 6159596556 storage slots, 6162135629 trie entries
2026/03/21 13:39:35 [Contract] 89.1% of target (1.04 TB / 1.17 TB), 48815 contracts, 6165091129 storage slots, 6167632343 trie entries
2026/03/21 13:39:55 [Contract] 89.1% of target (1.04 TB / 1.17 TB), 48867 contracts, 6171058315 storage slots, 6173602282 trie entries
2026/03/21 13:40:15 [Contract] 89.1% of target (1.04 TB / 1.17 TB), 48916 contracts, 6178121849 storage slots, 6180668299 trie entries
2026/03/21 13:40:35 [Contract] 89.1% of target (1.04 TB / 1.17 TB), 48959 contracts, 6184920912 storage slots, 6187469630 trie entries
2026/03/21 13:40:56 [Contract] 93.7% of target (1.10 TB / 1.17 TB), 49005 contracts, 6190650354 storage slots, 6193201456 trie entries
2026/03/21 13:41:17 [Contract] 93.7% of target (1.10 TB / 1.17 TB), 49062 contracts, 6197481999 storage slots, 6200036099 trie entries
2026/03/21 13:41:39 [Contract] 93.7% of target (1.10 TB / 1.17 TB), 49114 contracts, 6205088321 storage slots, 6207645158 trie entries
2026/03/21 13:41:59 [Contract] 93.7% of target (1.10 TB / 1.17 TB), 49161 contracts, 6210515586 storage slots, 6213074850 trie entries
2026/03/21 13:42:21 [Contract] 93.7% of target (1.10 TB / 1.17 TB), 49226 contracts, 6218393543 storage slots, 6220956177 trie entries
2026/03/21 13:42:41 [Contract] 93.7% of target (1.10 TB / 1.17 TB), 49278 contracts, 6224577325 storage slots, 6227142633 trie entries
2026/03/21 13:43:01 [Contract] 93.7% of target (1.10 TB / 1.17 TB), 49334 contracts, 6231058322 storage slots, 6233626538 trie entries
2026/03/21 13:43:21 [Contract] 93.7% of target (1.10 TB / 1.17 TB), 49384 contracts, 6237957104 storage slots, 6240527832 trie entries
2026/03/21 13:43:42 [Contract] 93.7% of target (1.10 TB / 1.17 TB), 49432 contracts, 6244687982 storage slots, 6247261224 trie entries
2026/03/21 13:44:03 [Contract] 93.7% of target (1.10 TB / 1.17 TB), 49476 contracts, 6251211548 storage slots, 6253787163 trie entries
2026/03/21 13:44:23 [Contract] 93.7% of target (1.10 TB / 1.17 TB), 49523 contracts, 6256940319 storage slots, 6259518526 trie entries
2026/03/21 13:44:44 [Contract] 93.7% of target (1.10 TB / 1.17 TB), 49576 contracts, 6263728647 storage slots, 6266309619 trie entries
2026/03/21 13:45:05 [Contract] 93.7% of target (1.10 TB / 1.17 TB), 49629 contracts, 6270407872 storage slots, 6272991625 trie entries
2026/03/21 13:45:26 [Contract] 93.7% of target (1.10 TB / 1.17 TB), 49678 contracts, 6277365198 storage slots, 6279951444 trie entries
2026/03/21 13:45:48 [Contract] 93.7% of target (1.10 TB / 1.17 TB), 49731 contracts, 6282967513 storage slots, 6285556481 trie entries
2026/03/21 13:46:08 [Contract] 93.7% of target (1.10 TB / 1.17 TB), 49789 contracts, 6290432031 storage slots, 6293023970 trie entries
2026/03/21 13:46:28 [Contract] 93.7% of target (1.10 TB / 1.17 TB), 49840 contracts, 6296804047 storage slots, 6299398708 trie entries
2026/03/21 13:46:48 [Contract] 93.7% of target (1.10 TB / 1.17 TB), 49886 contracts, 6302865015 storage slots, 6305462092 trie entries
2026/03/21 13:47:08 [Contract] 93.7% of target (1.10 TB / 1.17 TB), 49938 contracts, 6308847068 storage slots, 6311446920 trie entries
2026/03/21 13:47:29 [Contract] 93.7% of target (1.10 TB / 1.17 TB), 49994 contracts, 6315177557 storage slots, 6317780267 trie entries
2026/03/21 13:47:49 [Contract] 95.7% of target (1.12 TB / 1.17 TB), 50052 contracts, 6321626275 storage slots, 6324231977 trie entries
2026/03/21 13:48:11 [Contract] 95.7% of target (1.12 TB / 1.17 TB), 50109 contracts, 6328708409 storage slots, 6331317120 trie entries
2026/03/21 13:48:31 [Contract] 95.7% of target (1.12 TB / 1.17 TB), 50164 contracts, 6335016369 storage slots, 6337627998 trie entries
2026/03/21 13:48:52 [Contract] 95.7% of target (1.12 TB / 1.17 TB), 50223 contracts, 6341457838 storage slots, 6344072433 trie entries
2026/03/21 13:49:13 [Contract] 95.7% of target (1.12 TB / 1.17 TB), 50281 contracts, 6348920259 storage slots, 6351537950 trie entries
2026/03/21 13:49:33 [Contract] 95.7% of target (1.12 TB / 1.17 TB), 50332 contracts, 6355886127 storage slots, 6358506609 trie entries
2026/03/21 13:49:53 [Contract] 95.7% of target (1.12 TB / 1.17 TB), 50376 contracts, 6361434954 storage slots, 6364057714 trie entries
2026/03/21 13:50:13 [Contract] 95.7% of target (1.12 TB / 1.17 TB), 50425 contracts, 6368394419 storage slots, 6371019679 trie entries
2026/03/21 13:50:35 [Contract] 95.7% of target (1.12 TB / 1.17 TB), 50476 contracts, 6375179312 storage slots, 6377807159 trie entries
2026/03/21 13:50:55 [Contract] 95.7% of target (1.12 TB / 1.17 TB), 50526 contracts, 6381163428 storage slots, 6383793897 trie entries
2026/03/21 13:51:18 [Contract] 95.7% of target (1.12 TB / 1.17 TB), 50579 contracts, 6388334930 storage slots, 6390968113 trie entries
2026/03/21 13:51:39 [Contract] 95.7% of target (1.12 TB / 1.17 TB), 50629 contracts, 6394762297 storage slots, 6397398128 trie entries
2026/03/21 13:52:01 [Contract] 95.7% of target (1.12 TB / 1.17 TB), 50686 contracts, 6402085447 storage slots, 6404724241 trie entries
2026/03/21 13:52:21 [Contract] 95.7% of target (1.12 TB / 1.17 TB), 50738 contracts, 6408869051 storage slots, 6411510562 trie entries
2026/03/21 13:52:43 [Contract] 95.7% of target (1.12 TB / 1.17 TB), 50785 contracts, 6415795401 storage slots, 6418439370 trie entries
2026/03/21 13:53:04 [Contract] 95.7% of target (1.12 TB / 1.17 TB), 50836 contracts, 6422032607 storage slots, 6424679201 trie entries
2026/03/21 13:53:24 [Contract] 95.7% of target (1.12 TB / 1.17 TB), 50889 contracts, 6429168320 storage slots, 6431817597 trie entries
2026/03/21 13:53:45 [Contract] 95.7% of target (1.12 TB / 1.17 TB), 50941 contracts, 6435610854 storage slots, 6438262805 trie entries
2026/03/21 13:54:06 [Contract] 95.7% of target (1.12 TB / 1.17 TB), 50997 contracts, 6440952619 storage slots, 6443607443 trie entries
2026/03/21 13:54:26 [Contract] 95.7% of target (1.12 TB / 1.17 TB), 51072 contracts, 6449133723 storage slots, 6451792490 trie entries
2026/03/21 13:54:46 [Contract] 95.7% of target (1.12 TB / 1.17 TB), 51132 contracts, 6454679718 storage slots, 6457341521 trie entries
2026/03/21 13:55:07 [Contract] 95.7% of target (1.12 TB / 1.17 TB), 51196 contracts, 6462269701 storage slots, 6464934971 trie entries
2026/03/21 13:55:29 [Contract] 95.7% of target (1.12 TB / 1.17 TB), 51255 contracts, 6469201271 storage slots, 6471869646 trie entries
2026/03/21 13:55:50 [Contract] 95.7% of target (1.12 TB / 1.17 TB), 51306 contracts, 6474798957 storage slots, 6477469919 trie entries
2026/03/21 13:56:10 [Contract] 95.7% of target (1.12 TB / 1.17 TB), 51360 contracts, 6482644684 storage slots, 6485318563 trie entries
2026/03/21 13:56:30 [Contract] 95.7% of target (1.12 TB / 1.17 TB), 51408 contracts, 6488269171 storage slots, 6490945520 trie entries
2026/03/21 13:56:50 [Contract] 95.7% of target (1.12 TB / 1.17 TB), 51453 contracts, 6495391789 storage slots, 6498070495 trie entries
2026/03/21 13:57:11 [Contract] 98.6% of target (1.16 TB / 1.17 TB), 51501 contracts, 6501213486 storage slots, 6503894818 trie entries
2026/03/21 13:57:31 [Contract] 98.6% of target (1.16 TB / 1.17 TB), 51555 contracts, 6508463026 storage slots, 6511147119 trie entries
2026/03/21 13:57:52 [Contract] 98.6% of target (1.16 TB / 1.17 TB), 51600 contracts, 6514237882 storage slots, 6516924348 trie entries
2026/03/21 13:58:12 [Contract] 98.6% of target (1.16 TB / 1.17 TB), 51656 contracts, 6520555200 storage slots, 6523244633 trie entries
2026/03/21 13:58:33 [Contract] 98.6% of target (1.16 TB / 1.17 TB), 51718 contracts, 6527939227 storage slots, 6530631900 trie entries
2026/03/21 13:58:53 [Contract] 98.6% of target (1.16 TB / 1.17 TB), 51773 contracts, 6534694220 storage slots, 6537389620 trie entries
2026/03/21 13:59:13 [Contract] 98.6% of target (1.16 TB / 1.17 TB), 51818 contracts, 6540613056 storage slots, 6543310785 trie entries
2026/03/21 13:59:34 [Contract] 98.6% of target (1.16 TB / 1.17 TB), 51877 contracts, 6547876989 storage slots, 6550577656 trie entries
2026/03/21 13:59:54 [Contract] 98.6% of target (1.16 TB / 1.17 TB), 51920 contracts, 6554693280 storage slots, 6557396193 trie entries
2026/03/21 14:00:14 [Contract] 98.6% of target (1.16 TB / 1.17 TB), 51969 contracts, 6560885840 storage slots, 6563591237 trie entries
2026/03/21 14:00:35 [Contract] 98.6% of target (1.16 TB / 1.17 TB), 52021 contracts, 6566338032 storage slots, 6569046133 trie entries
2026/03/21 14:00:55 [Contract] 98.6% of target (1.16 TB / 1.17 TB), 52073 contracts, 6573077678 storage slots, 6575788460 trie entries
2026/03/21 14:01:15 [Contract] 98.6% of target (1.16 TB / 1.17 TB), 52122 contracts, 6580193091 storage slots, 6582906445 trie entries
2026/03/21 14:01:38 [Contract] 98.6% of target (1.16 TB / 1.17 TB), 52167 contracts, 6586368453 storage slots, 6589084146 trie entries
2026/03/21 14:01:58 [Contract] 98.6% of target (1.16 TB / 1.17 TB), 52216 contracts, 6593167031 storage slots, 6595885218 trie entries
2026/03/21 14:02:18 [Contract] 98.6% of target (1.16 TB / 1.17 TB), 52258 contracts, 6599059652 storage slots, 6601780084 trie entries
2026/03/21 14:02:39 [Contract] 98.6% of target (1.16 TB / 1.17 TB), 52314 contracts, 6605524936 storage slots, 6608248227 trie entries
2026/03/21 14:03:01 [Contract] 98.6% of target (1.16 TB / 1.17 TB), 52357 contracts, 6611744157 storage slots, 6614469762 trie entries
2026/03/21 14:03:21 [Contract] 98.6% of target (1.16 TB / 1.17 TB), 52406 contracts, 6618544412 storage slots, 6621272662 trie entries
2026/03/21 14:03:41 [Contract] 98.6% of target (1.16 TB / 1.17 TB), 52445 contracts, 6624347038 storage slots, 6627077306 trie entries
2026/03/21 14:04:02 [Contract] 98.6% of target (1.16 TB / 1.17 TB), 52489 contracts, 6629681811 storage slots, 6632414323 trie entries
2026/03/21 14:04:07 Target size reached: DB 482.74 GB × 2.5 = 1.18 TB (target: 1.17 TB)
2026/03/21 14:04:08 Compacting temp DB (6633403343 entries)...
2026/03/21 14:15:51 Temp DB compaction complete in 11m42.821s
2026/03/21 14:15:51 Computing root from 6633403343 trie entries (streaming, O(depth) memory)...
2026/03/21 14:15:51 Phase 2: using 94 parallel workers
2026/03/22 02:25:55 Wrote 8306849788 trie nodes (1163758 MB)
2026/03/22 02:25:55 Computed binary trie root in 12h10m3.314s
2026/03/22 02:25:55 State root (binary stack trie): 0x2429fd9a817f6e2e9a4455ae8b152ea797d76bf215ae1cc0d170066be48f0ca7
2026/03/22 02:25:55 Generated 1001 accounts, 52500 contracts with 6630670275 total storage slots (6633403343 trie entries)
2026/03/22 02:26:12 Writing genesis block with state root: 0x2429fd9a817f6e2e9a4455ae8b152ea797d76bf215ae1cc0d170066be48f0ca7
2026/03/22 02:26:12 Genesis block hash: 0x3e22b21eea777849d0deec065ba49fa28301340c4f7d7576c12fce331970b63c
2026/03/22 02:26:12 Genesis block number: 0

=== State Generation Complete ===
Total Time:        17h21m31.505s
Accounts Created:  1001
Contracts Created: 52500
Storage Slots:     6630670275
Total Bytes:       1.70 TB
Trie Node Bytes:   1.11 TB
Total DB Size:     1.24 TB
Throughput:        106105.15 slots/sec
State Root:        0x2429fd9a817f6e2e9a4455ae8b152ea797d76bf215ae1cc0d170066be48f0ca7
Genesis:           included (ready to use without geth init)

=== Detailed Stats ===
Account Bytes:     4.07 MB
Storage Bytes:     605.15 GB
Code Bytes:        78.54 MB
DB Write Time:     17h21m13.681s
Generation Time:   17h21m13.681s
Genesis Accounts:  1

=== Memory Stats ===
Total Alloc:       114.29 TB
Current Alloc:     1.49 GB
Sys Memory:        4.25 GB

=== Sample Addresses (for verification) ===
  EOA #1:      0x55F52E2CFaA1FA58aEF8719BfD5fD02792042e38
  EOA #2:      0xDB4c2dbCd4184499aF84257fFdd8f4DB3af64cE2
  EOA #3:      0x81496dd413443A46c3AA92010824814014BBeaE9
  Contract #1: 0xDa184d6284177F1FcAD5f151b267b5589851d2C5
  Contract #2: 0x56B8AA8583D61946b5afC6C446e92c73a9A98C60
  Contract #3: 0x3e9D897E4000308b067389BC8D195BC131cA2fD9
